INSERT INTO Movie (movie_id, movie_year, movie_title, movie_budget, movie_boxoffice, movie_runtime) VALUES ("tt0859635", 2018, "Super Troopers 2", 13500000, 31626386, 100);
INSERT INTO Movie (movie_id, movie_year, movie_title, movie_budget, movie_boxoffice, movie_runtime) VALUES ("tt0486551", 2006, "Beerfest", 17500000, 20387597, 110);
INSERT INTO Movie (movie_id, movie_year, movie_title, movie_budget, movie_boxoffice, movie_runtime) VALUES ("tt0331953", 2004, "Club Dread", 8600000, 7565807, 104);
INSERT INTO Movie (movie_id, movie_year, movie_title, movie_budget, movie_boxoffice, movie_runtime) VALUES ("tt0456554", 2006, "Grandma's Boy", Null, 6566277, 94);
INSERT INTO Movie (movie_id, movie_year, movie_title, movie_budget, movie_boxoffice, movie_runtime) VALUES ("tt1135525", 2009, "The Slammin' Salmon", Null, 60421, 99);
INSERT INTO Movie (movie_id, movie_year, movie_title, movie_budget, movie_boxoffice, movie_runtime) VALUES ("tt0245686", 2001, "Joe Dirt", 17700000, 30987695, 91);
INSERT INTO Movie (movie_id, movie_year, movie_title, movie_budget, movie_boxoffice, movie_runtime) VALUES ("tt0114694", 1995, "Tommy Boy", Null, 32679899, 97);
INSERT INTO Movie (movie_id, movie_year, movie_title, movie_budget, movie_boxoffice, movie_runtime) VALUES ("tt0115697", 1996, "Black Sheep", Null, 32417995, 87);
INSERT INTO Movie (movie_id, movie_year, movie_title, movie_budget, movie_boxoffice, movie_runtime) VALUES ("tt0144557", 1996, "Puddle Cruiser", 160000, Null, 102);
INSERT INTO Movie (movie_id, movie_year, movie_title, movie_budget, movie_boxoffice, movie_runtime) VALUES ("tt0348333", 2005, "Waiting...", 3000000, 18637690, 94);
INSERT INTO Movie (movie_id, movie_year, movie_title, movie_budget, movie_boxoffice, movie_runtime) VALUES ("tt0366551", 2004, "Harold & Kumar Go to White Castle", 9000000, 23936908, 88);
INSERT INTO Movie (movie_id, movie_year, movie_title, movie_budget, movie_boxoffice, movie_runtime) VALUES ("tt0069239", 1972, "Season of the Witch", 90000, Null, 130);
INSERT INTO Movie (movie_id, movie_year, movie_title, movie_budget, movie_boxoffice, movie_runtime) VALUES ("tt0077914", 1977, "Martin", 80000, Null, 95);
INSERT INTO Movie (movie_id, movie_year, movie_title, movie_budget, movie_boxoffice, movie_runtime) VALUES ("tt0455407", 2010, "The Crazies", 20000000, 54806823, 101);
INSERT INTO Movie (movie_id, movie_year, movie_title, movie_budget, movie_boxoffice, movie_runtime) VALUES ("tt0166843", 1971, "There's Always Vanilla", 70000, Null, 93);
INSERT INTO Movie (movie_id, movie_year, movie_title, movie_budget, movie_boxoffice, movie_runtime) VALUES ("tt0095652", 1988, "Monkey Shines", 7000000, 5344577, 113);
INSERT INTO Movie (movie_id, movie_year, movie_title, movie_budget, movie_boxoffice, movie_runtime) VALUES ("tt1134854", 2009, "Survival of the Dead", 4000000, 386078, 90);
INSERT INTO Movie (movie_id, movie_year, movie_title, movie_budget, movie_boxoffice, movie_runtime) VALUES ("tt0088993", 1985, "Day of the Dead", 3500000, 5000000, 96);
INSERT INTO Movie (movie_id, movie_year, movie_title, movie_budget, movie_boxoffice, movie_runtime) VALUES ("tt0082622", 1981, "Knightriders", 3000000, Null, 146);
INSERT INTO Movie (movie_id, movie_year, movie_title, movie_budget, movie_boxoffice, movie_runtime) VALUES ("tt0077402", 1978, "Dawn of the Dead", 650000, 159822, 127);
INSERT INTO Movie (movie_id, movie_year, movie_title, movie_budget, movie_boxoffice, movie_runtime) VALUES ("tt0848557", 2007, "Diary of the Dead", 2000000, 5540941, 95);
INSERT INTO Movie (movie_id, movie_year, movie_title, movie_budget, movie_boxoffice, movie_runtime) VALUES ("tt0067341", 1971, "Let's Scare Jessica to Death", 180000, Null, 89);
INSERT INTO Movie (movie_id, movie_year, movie_title, movie_budget, movie_boxoffice, movie_runtime) VALUES ("tt0418819", 2005, "Land of the Dead", 15000000, 47074133, 93);
INSERT INTO Movie (movie_id, movie_year, movie_title, movie_budget, movie_boxoffice, movie_runtime) VALUES ("tt0119177", 1997, "Gattaca", 36000000, 12532777, 106);
INSERT INTO Movie (movie_id, movie_year, movie_title, movie_budget, movie_boxoffice, movie_runtime) VALUES ("tt0253556", 2002, "Reign of Fire", 60000000, 82150183, 101);
INSERT INTO Movie (movie_id, movie_year, movie_title, movie_budget, movie_boxoffice, movie_runtime) VALUES ("tt0119116", 1997, "The Fifth Element", 93000000, 263920180, 126);
INSERT INTO Movie (movie_id, movie_year, movie_title, movie_budget, movie_boxoffice, movie_runtime) VALUES ("tt0448134", 2007, "Sunshine", Null, 34806360, 107);
INSERT INTO Movie (movie_id, movie_year, movie_title, movie_budget, movie_boxoffice, movie_runtime) VALUES ("tt0361862", 2004, "The Machinist", 5000000, 8203235, 101);
INSERT INTO Movie (movie_id, movie_year, movie_title, movie_budget, movie_boxoffice, movie_runtime) VALUES ("tt0118929", 1998, "Dark City", 27000000, 27200316, 100);
INSERT INTO Movie (movie_id, movie_year, movie_title, movie_budget, movie_boxoffice, movie_runtime) VALUES ("tt1182345", 2009, "Moon", 5000000, 9760107, 97);
INSERT INTO Movie (movie_id, movie_year, movie_title, movie_budget, movie_boxoffice, movie_runtime) VALUES ("tt0118884", 1997, "Contact", 90000000, 171120329, 150);
INSERT INTO Movie (movie_id, movie_year, movie_title, movie_budget, movie_boxoffice, movie_runtime) VALUES ("tt0462504", 2006, "Rescue Dawn", 10000000, 7177143, 120);
INSERT INTO Movie (movie_id, movie_year, movie_title, movie_budget, movie_boxoffice, movie_runtime) VALUES ("tt0381849", 2007, "3:10 to Yuma", 55000000, 70016220, 122);
INSERT INTO Movie (movie_id, movie_year, movie_title, movie_budget, movie_boxoffice, movie_runtime) VALUES ("tt0433387", 2005, "Harsh Times", 2000000, 5969708, 116);
INSERT INTO Movie (movie_id, movie_year, movie_title, movie_budget, movie_boxoffice, movie_runtime) VALUES ("tt0114746", 1995, "12 Monkeys", 29000001, 168839459, 129);

INSERT INTO Production (production_id, production_name) VALUES (0, "Element Films");
INSERT INTO Production (production_id, production_name) VALUES (1, "Gibraltar Films");
INSERT INTO Production (production_id, production_name) VALUES (2, "Votiv Films");
INSERT INTO Production (production_id, production_name) VALUES (3, "UK Film Council");
INSERT INTO Production (production_id, production_name) VALUES (4, "Moving Picture Company (MPC)");
INSERT INTO Production (production_id, production_name) VALUES (5, "Cataland Films");
INSERT INTO Production (production_id, production_name) VALUES (6, "Classico");
INSERT INTO Production (production_id, production_name) VALUES (7, "Participant");
INSERT INTO Production (production_id, production_name) VALUES (8, "Overture Films");
INSERT INTO Production (production_id, production_name) VALUES (9, "Liberty Films UK");
INSERT INTO Production (production_id, production_name) VALUES (10, "DNA Films");
INSERT INTO Production (production_id, production_name) VALUES (11, "Kingsgate Films");
INSERT INTO Production (production_id, production_name) VALUES (12, "The Latent Image");
INSERT INTO Production (production_id, production_name) VALUES (13, "Universal Pictures");
INSERT INTO Production (production_id, production_name) VALUES (14, "Ingenious Film Partners");
INSERT INTO Production (production_id, production_name) VALUES (15, "New Romero");
INSERT INTO Production (production_id, production_name) VALUES (16, "Orion Pictures");
INSERT INTO Production (production_id, production_name) VALUES (17, "Laurel Productons");
INSERT INTO Production (production_id, production_name) VALUES (18, "Twelve Monkeys Productions");
INSERT INTO Production (production_id, production_name) VALUES (19, "Crave Films");
INSERT INTO Production (production_id, production_name) VALUES (20, "Columbia Pictures");
INSERT INTO Production (production_id, production_name) VALUES (21, "Gaumont");
INSERT INTO Production (production_id, production_name) VALUES (22, "Spyglass Entertainment");
INSERT INTO Production (production_id, production_name) VALUES (23, "Broken Lizard Industries");
INSERT INTO Production (production_id, production_name) VALUES (24, "Castelao Pictures");
INSERT INTO Production (production_id, production_name) VALUES (25, "Dawn Associates");
INSERT INTO Production (production_id, production_name) VALUES (26, "Eden Rock Media");
INSERT INTO Production (production_id, production_name) VALUES (27, "Sony Pictures Classics");
INSERT INTO Production (production_id, production_name) VALUES (28, "Fox Searchlight Pictures");
INSERT INTO Production (production_id, production_name) VALUES (29, "Imagenation Abu Dhabi FZ");
INSERT INTO Production (production_id, production_name) VALUES (30, "Yuma");
INSERT INTO Production (production_id, production_name) VALUES (31, "The Jessica Company");
INSERT INTO Production (production_id, production_name) VALUES (32, "Level 1 Entertainment");
INSERT INTO Production (production_id, production_name) VALUES (33, "Mystery Clock Cinema");
INSERT INTO Production (production_id, production_name) VALUES (34, "Coconut Pete Productions");
INSERT INTO Production (production_id, production_name) VALUES (35, "Jersey Films");
INSERT INTO Production (production_id, production_name) VALUES (36, "Blue Rider Pictures");
INSERT INTO Production (production_id, production_name) VALUES (37, "Adobe Pictures");
INSERT INTO Production (production_id, production_name) VALUES (38, "Touchstone Pictures");
INSERT INTO Production (production_id, production_name) VALUES (39, "Independent");
INSERT INTO Production (production_id, production_name) VALUES (40, "Metro-Goldwyn-Mayer (MGM)");
INSERT INTO Production (production_id, production_name) VALUES (41, "Twentieth Century Fox");
INSERT INTO Production (production_id, production_name) VALUES (42, "Relativity Media");
INSERT INTO Production (production_id, production_name) VALUES (43, "Needle's Eye Productions");
INSERT INTO Production (production_id, production_name) VALUES (44, "Bruin Grip Services");
INSERT INTO Production (production_id, production_name) VALUES (45, "Happy Madison Productions");
INSERT INTO Production (production_id, production_name) VALUES (46, "Exception Wild Bunch");
INSERT INTO Production (production_id, production_name) VALUES (47, "Filmax Group");
INSERT INTO Production (production_id, production_name) VALUES (48, "Andrea Sperling Productions");
INSERT INTO Production (production_id, production_name) VALUES (49, "Sudden Storm Productions");
INSERT INTO Production (production_id, production_name) VALUES (50, "Castelao Producciones");
INSERT INTO Production (production_id, production_name) VALUES (51, "Laurel Entertainment Inc.");
INSERT INTO Production (production_id, production_name) VALUES (52, "C.M. Films");
INSERT INTO Production (production_id, production_name) VALUES (53, "Braddock Associates");
INSERT INTO Production (production_id, production_name) VALUES (54, "Romero-Grunwald Productions");
INSERT INTO Production (production_id, production_name) VALUES (55, "United Film Distribution Company (UFDC)");
INSERT INTO Production (production_id, production_name) VALUES (56, "At Play With the Angels");
INSERT INTO Production (production_id, production_name) VALUES (57, "Rangerkim");
INSERT INTO Production (production_id, production_name) VALUES (58, "Blank of the Dead Productions");
INSERT INTO Production (production_id, production_name) VALUES (59, "Top Gun Productions");
INSERT INTO Production (production_id, production_name) VALUES (60, "Limelight Fund");
INSERT INTO Production (production_id, production_name) VALUES (61, "Wisenheimer Films");
INSERT INTO Production (production_id, production_name) VALUES (62, "The Zanuck Company");
INSERT INTO Production (production_id, production_name) VALUES (63, "New Line Cinema");
INSERT INTO Production (production_id, production_name) VALUES (64, "Tree Line Film");
INSERT INTO Production (production_id, production_name) VALUES (65, "Laurel Group");
INSERT INTO Production (production_id, production_name) VALUES (66, "Robert Simonds Productions");
INSERT INTO Production (production_id, production_name) VALUES (67, "Harsh Times");
INSERT INTO Production (production_id, production_name) VALUES (68, "Penn Station Entertainment");
INSERT INTO Production (production_id, production_name) VALUES (69, "World 2000 Entertainment");
INSERT INTO Production (production_id, production_name) VALUES (70, "Thema Production");
INSERT INTO Production (production_id, production_name) VALUES (71, "Devonshire Productions");
INSERT INTO Production (production_id, production_name) VALUES (72, "Laurel Productions");
INSERT INTO Production (production_id, production_name) VALUES (73, "Paramount Pictures");
INSERT INTO Production (production_id, production_name) VALUES (74, "Senator International");
INSERT INTO Production (production_id, production_name) VALUES (75, "Canal+ España");
INSERT INTO Production (production_id, production_name) VALUES (76, "Broadway Pictures");
INSERT INTO Production (production_id, production_name) VALUES (77, "Stage 6 Films");
INSERT INTO Production (production_id, production_name) VALUES (78, "Instituto de la Cinematografía y de las Ar...");
INSERT INTO Production (production_id, production_name) VALUES (79, "Gerber Pictures");
INSERT INTO Production (production_id, production_name) VALUES (80, "South Side Amusement Company");
INSERT INTO Production (production_id, production_name) VALUES (81, "L.I.F.T. Production");
INSERT INTO Production (production_id, production_name) VALUES (82, "Tripod Entertainment");
INSERT INTO Production (production_id, production_name) VALUES (83, "Heretical Reason Productions");
INSERT INTO Production (production_id, production_name) VALUES (84, "Artfire Films");
INSERT INTO Production (production_id, production_name) VALUES (85, "Pinewood Studios");
INSERT INTO Production (production_id, production_name) VALUES (86, "Lionsgate");
INSERT INTO Production (production_id, production_name) VALUES (87, "Harold & Kumar");
INSERT INTO Production (production_id, production_name) VALUES (88, "Atmosphere Entertainment MM");
INSERT INTO Production (production_id, production_name) VALUES (89, "Xingu Films");
INSERT INTO Production (production_id, production_name) VALUES (90, "Lunar Industries");
INSERT INTO Production (production_id, production_name) VALUES (91, "ICF");
INSERT INTO Production (production_id, production_name) VALUES (92, "Atlas Entertainment");
INSERT INTO Production (production_id, production_name) VALUES (93, "Ontario Media Development Corporation (OMDC)");
INSERT INTO Production (production_id, production_name) VALUES (94, "Legendary Entertainment");
INSERT INTO Production (production_id, production_name) VALUES (95, "Warner Bros.");
INSERT INTO Production (production_id, production_name) VALUES (96, "Endgame Entertainment");
INSERT INTO Production (production_id, production_name) VALUES (97, "Wild Bunch");

INSERT INTO Genre (genre_id, genre_name) VALUES (0, "Horror");
INSERT INTO Genre (genre_id, genre_name) VALUES (1, "Mystery");
INSERT INTO Genre (genre_id, genre_name) VALUES (2, "Thriller");
INSERT INTO Genre (genre_id, genre_name) VALUES (3, "Action");
INSERT INTO Genre (genre_id, genre_name) VALUES (4, "Fantasy");
INSERT INTO Genre (genre_id, genre_name) VALUES (5, "Adventure");
INSERT INTO Genre (genre_id, genre_name) VALUES (6, "Biography");
INSERT INTO Genre (genre_id, genre_name) VALUES (7, "Western");
INSERT INTO Genre (genre_id, genre_name) VALUES (8, "Romance");
INSERT INTO Genre (genre_id, genre_name) VALUES (9, "War");
INSERT INTO Genre (genre_id, genre_name) VALUES (10, "Crime");
INSERT INTO Genre (genre_id, genre_name) VALUES (11, "Drama");
INSERT INTO Genre (genre_id, genre_name) VALUES (12, "Comedy");
INSERT INTO Genre (genre_id, genre_name) VALUES (13, "Sci-Fi");

INSERT INTO Person (person_id, person_name) VALUES (0, "Ethan Embry ");
INSERT INTO Person (person_id, person_name) VALUES (1, "Shawn Roberts ");
INSERT INTO Person (person_id, person_name) VALUES (2, "Ben Foster ");
INSERT INTO Person (person_id, person_name) VALUES (3, "Asia Argento");
INSERT INTO Person (person_id, person_name) VALUES (4, "Sam Rockwell");
INSERT INTO Person (person_id, person_name) VALUES (5, "Jon Hurwitz,");
INSERT INTO Person (person_id, person_name) VALUES (6, "Brad Pitt ");
INSERT INTO Person (person_id, person_name) VALUES (7, "Rob Bowman");
INSERT INTO Person (person_id, person_name) VALUES (8, "Danielle Panabaker ");
INSERT INTO Person (person_id, person_name) VALUES (9, "Breck Eisner");
INSERT INTO Person (person_id, person_name) VALUES (10, "Brian Dennehy ");
INSERT INTO Person (person_id, person_name) VALUES (11, "Danny Boyle");
INSERT INTO Person (person_id, person_name) VALUES (12, "Brittany Daniel");
INSERT INTO Person (person_id, person_name) VALUES (13, "Jason Beghe");
INSERT INTO Person (person_id, person_name) VALUES (14, "David Emge");
INSERT INTO Person (person_id, person_name) VALUES (15, "Dominique McElligott ");
INSERT INTO Person (person_id, person_name) VALUES (16, "Uma Thurman");
INSERT INTO Person (person_id, person_name) VALUES (17, "Simon Baker ");
INSERT INTO Person (person_id, person_name) VALUES (18, "David Spade");
INSERT INTO Person (person_id, person_name) VALUES (19, "Steve Zahn");
INSERT INTO Person (person_id, person_name) VALUES (20, "John Francis Daley ");
INSERT INTO Person (person_id, person_name) VALUES (21, "Bruce Willis");
INSERT INTO Person (person_id, person_name) VALUES (22, "Raymond Laine");
INSERT INTO Person (person_id, person_name) VALUES (23, "Michael Clarke Duncan");
INSERT INTO Person (person_id, person_name) VALUES (24, "Alan Van Sprang");
INSERT INTO Person (person_id, person_name) VALUES (25, "Joshua Close");
INSERT INTO Person (person_id, person_name) VALUES (26, "Kiefer Sutherland");
INSERT INTO Person (person_id, person_name) VALUES (27, "Jay Chandrasekhar");
INSERT INTO Person (person_id, person_name) VALUES (28, "Jude Law ");
INSERT INTO Person (person_id, person_name) VALUES (29, "John Cho");
INSERT INTO Person (person_id, person_name) VALUES (30, "Ann Muffly ");
INSERT INTO Person (person_id, person_name) VALUES (31, "Jan White");
INSERT INTO Person (person_id, person_name) VALUES (32, "Eva Longoria ");
INSERT INTO Person (person_id, person_name) VALUES (33, "Alex Proyas");
INSERT INTO Person (person_id, person_name) VALUES (34, "Cillian Murphy");
INSERT INTO Person (person_id, person_name) VALUES (35, "Barry Wernick,");
INSERT INTO Person (person_id, person_name) VALUES (36, "Matthew McConaughey");
INSERT INTO Person (person_id, person_name) VALUES (37, "Christine Forrest ");
INSERT INTO Person (person_id, person_name) VALUES (38, "Jeremy Davies ");
INSERT INTO Person (person_id, person_name) VALUES (39, "Joseph Pilato ");
INSERT INTO Person (person_id, person_name) VALUES (40, "Bill Paxton");
INSERT INTO Person (person_id, person_name) VALUES (41, "Robert Zemeckis");
INSERT INTO Person (person_id, person_name) VALUES (42, "Izabella Scorupco ");
INSERT INTO Person (person_id, person_name) VALUES (43, "Shirley Jones ");
INSERT INTO Person (person_id, person_name) VALUES (44, "Milla Jovovich");
INSERT INTO Person (person_id, person_name) VALUES (45, "Scott H. Reiniger ");
INSERT INTO Person (person_id, person_name) VALUES (46, "Werner Herzog");
INSERT INTO Person (person_id, person_name) VALUES (47, "Halsted Welles");
INSERT INTO Person (person_id, person_name) VALUES (48, "Danny Leiner");
INSERT INTO Person (person_id, person_name) VALUES (49, "Rudy Ricci");
INSERT INTO Person (person_id, person_name) VALUES (50, "Lincoln Maazel");
INSERT INTO Person (person_id, person_name) VALUES (51, "George A.");
INSERT INTO Person (person_id, person_name) VALUES (52, "Anna Faris");
INSERT INTO Person (person_id, person_name) VALUES (53, "Andrew Niccol");
INSERT INTO Person (person_id, person_name) VALUES (54, "Michael Stewart");
INSERT INTO Person (person_id, person_name) VALUES (55, "Lori Cardille");
INSERT INTO Person (person_id, person_name) VALUES (56, "Russell Crowe");
INSERT INTO Person (person_id, person_name) VALUES (57, "Penelope Spheeris");
INSERT INTO Person (person_id, person_name) VALUES (58, "Ed Harris");
INSERT INTO Person (person_id, person_name) VALUES (59, "Peter Segal");
INSERT INTO Person (person_id, person_name) VALUES (60, "Allen Covert");
INSERT INTO Person (person_id, person_name) VALUES (61, "Johanna Lawrence ");
INSERT INTO Person (person_id, person_name) VALUES (62, "John Pankow");
INSERT INTO Person (person_id, person_name) VALUES (63, "Jennifer Jason Leigh");
INSERT INTO Person (person_id, person_name) VALUES (64, "Jennifer Connelly ");
INSERT INTO Person (person_id, person_name) VALUES (65, "Chris Marker");
INSERT INTO Person (person_id, person_name) VALUES (66, "Madeleine Stowe");
INSERT INTO Person (person_id, person_name) VALUES (67, "Dennie Gordon");
INSERT INTO Person (person_id, person_name) VALUES (68, "Rose Byrne");
INSERT INTO Person (person_id, person_name) VALUES (69, "Steve Lemme ");
INSERT INTO Person (person_id, person_name) VALUES (70, "Christian Bale");
INSERT INTO Person (person_id, person_name) VALUES (71, "Kevin Heffernan");
INSERT INTO Person (person_id, person_name) VALUES (72, "Bonnie Turner,");
INSERT INTO Person (person_id, person_name) VALUES (73, "Chris Farley");
INSERT INTO Person (person_id, person_name) VALUES (74, "Ethan Hawke");
INSERT INTO Person (person_id, person_name) VALUES (75, "James V.");
INSERT INTO Person (person_id, person_name) VALUES (76, "Kal Penn");
INSERT INTO Person (person_id, person_name) VALUES (77, "Ken Foree");
INSERT INTO Person (person_id, person_name) VALUES (78, "Aitana Sánchez-Gijón ");
INSERT INTO Person (person_id, person_name) VALUES (79, "Fred Wolf");

INSERT INTO Person (person_id, person_name) VALUES (80, "Brad Anderson");
INSERT INTO Person (person_id, person_name) VALUES (81, "Gary Lahti");
INSERT INTO Person (person_id, person_name) VALUES (82, "Zohra Lampert");
INSERT INTO Person (person_id, person_name) VALUES (83, "Judith Ridley");
INSERT INTO Person (person_id, person_name) VALUES (84, "Radha Mitchell");
INSERT INTO Person (person_id, person_name) VALUES (85, "Tom Savini ");
INSERT INTO Person (person_id, person_name) VALUES (86, "David Spade,");
INSERT INTO Person (person_id, person_name) VALUES (87, "Kate McNeil ");
INSERT INTO Person (person_id, person_name) VALUES (88, "Rufus Sewell");
INSERT INTO Person (person_id, person_name) VALUES (89, "Linda Cardellini");
INSERT INTO Person (person_id, person_name) VALUES (90, "Gary Oldman ");
INSERT INTO Person (person_id, person_name) VALUES (91, "Kevin O'Connor ");
INSERT INTO Person (person_id, person_name) VALUES (92, "Gregg Chabot");
INSERT INTO Person (person_id, person_name) VALUES (93, "Kathleen Munroe ");
INSERT INTO Person (person_id, person_name) VALUES (94, "Chris Evans ");
INSERT INTO Person (person_id, person_name) VALUES (95, "John D.");
INSERT INTO Person (person_id, person_name) VALUES (96, "Kenneth Welsh");
INSERT INTO Person (person_id, person_name) VALUES (97, "Alex Garland");
INSERT INTO Person (person_id, person_name) VALUES (98, "Terry Gilliam");
INSERT INTO Person (person_id, person_name) VALUES (99, "Nicholaus Goossen");
INSERT INTO Person (person_id, person_name) VALUES (100, "John Amplas");
INSERT INTO Person (person_id, person_name) VALUES (101, "Duncan Jones");
INSERT INTO Person (person_id, person_name) VALUES (102, "Kevin Heffernan ");
INSERT INTO Person (person_id, person_name) VALUES (103, "Luc Besson");
INSERT INTO Person (person_id, person_name) VALUES (104, "David Ayer");
INSERT INTO Person (person_id, person_name) VALUES (105, "Dennis Miller ");
INSERT INTO Person (person_id, person_name) VALUES (106, "Michelle Morgan");
INSERT INTO Person (person_id, person_name) VALUES (107, "Kevin Spacey");
INSERT INTO Person (person_id, person_name) VALUES (108, "Ryan Reynolds");
INSERT INTO Person (person_id, person_name) VALUES (109, "Barton Heyman");
INSERT INTO Person (person_id, person_name) VALUES (110, "Terry Alexander");
INSERT INTO Person (person_id, person_name) VALUES (111, "James Mangold");
INSERT INTO Person (person_id, person_name) VALUES (112, "Jodie Foster");
INSERT INTO Person (person_id, person_name) VALUES (113, "Tim Matheson ");
INSERT INTO Person (person_id, person_name) VALUES (114, "Tom Skerritt ");
INSERT INTO Person (person_id, person_name) VALUES (115, "Scott Kosar");
INSERT INTO Person (person_id, person_name) VALUES (116, "Freddy Rodríguez");
INSERT INTO Person (person_id, person_name) VALUES (117, "Rob McKittrick");
INSERT INTO Person (person_id, person_name) VALUES (118, "John Leguizamo");
INSERT INTO Person (person_id, person_name) VALUES (119, "Timothy Olyphant");

INSERT INTO RoleCode (role_code, role_name) VALUES (0, "Director");
INSERT INTO RoleCode (role_code, role_name) VALUES (1, "Writer");
INSERT INTO RoleCode (role_code, role_name) VALUES (2, "Actor");

INSERT INTO Summary (summary_id, movie_id, summary_text) VALUES (0, "tt0859635", "When a border dispute arises between the U.S. and Canada, the Super Troopers are tasked with establishing a Highway Patrol station in the disputed area.

—Fox Searchlight Pictures");
INSERT INTO Summary (summary_id, movie_id, summary_text) VALUES (1, "tt0859635", "Several years after the first film, the officers have been fired from the Spurbury Police Department after taking Fred Savage on a ride-along that resulted in his death. Farva (Heffernan) is now a construction supervisor, with Mac (Lemme) and Rabbit (Stolhanske) working for him. Thorny (Chandrasekhar) works in logging, and Foster (Soter) is living with his girlfriend and former coworker, Spurbu...");
INSERT INTO Summary (summary_id, movie_id, summary_text) VALUES (2, "tt0486551", "Two brothers travel to Germany for Oktoberfest, only to stumble upon a secret, centuries-old competition described as a 'Fight Club' with beer games.

—Anonymous");
INSERT INTO Summary (summary_id, movie_id, summary_text) VALUES (3, "tt0486551", "After the death of their grandfather Johann von Wolfhause, the brothers Jan and Todd Wolfhouse travel to Munich to fulfill a family tradition, spreading the ashes of Johann during the Oktoberfest. Their contact brings them to a secret beer competition, the Beerfest', where they are offended by Baron Wolfgang von Wolfhausen and the German branch of their family that accuse their great-grandmothe...");
INSERT INTO Summary (summary_id, movie_id, summary_text) VALUES (4, "tt0331953", "When a serial killer interrupts the fun at the swanky Coconut Pete's Coconut Beach Resort--a hedonistic island paradise for swingers--it's up to the club's staff to stop the violence...or at least hide it.

—Anonymous");
INSERT INTO Summary (summary_id, movie_id, summary_text) VALUES (5, "tt0331953", "Broken Lizard is surrounded by limber, wanton women on a booze-soaked island resort owned by Coconut Pete, a rock star has-been. But the non-stop party takes a turn for the weird when dead bodies start turning up. Everyone begins to look suspicious. Could it be Sam, of the Fun Police brigade, who is quick-on-the-trigger with his tequila-loaded Super Soaker; Jenny, the over-sexed fitness instruc...");
INSERT INTO Summary (summary_id, movie_id, summary_text) VALUES (6, "tt0456554", "A thirty-five-year-old video game tester has to move in with his grandma and her two old lady roommates.");
INSERT INTO Summary (summary_id, movie_id, summary_text) VALUES (7, "tt0456554", "When his roommate spends the rent money on hookers, Alex, a 35 year old video game tester has to find a new place to live. After an 'encounter' with his friend's mom, Alex is forced to move in with his grandmother. Trying to save face with his younger co-workers, Alex says that 'a really cute chick said I could sleep with her and her two crazy girlfriends' (meaning his grandmother and her two r...");
INSERT INTO Summary (summary_id, movie_id, summary_text) VALUES (8, "tt1135525", "The owner of a Miami restaurant indebted to the mob institutes a contest to see what waiter can earn the most money in one night.

—Anonymous");
INSERT INTO Summary (summary_id, movie_id, summary_text) VALUES (9, "tt1135525", "The brutal former heavyweight boxing champion Cleon 'Slammin'' Salmon, now owner of a Miami restaurant, institutes a competition to see which waiter can earn the most money in one night: the winner stands to gain $10,000, while the loser will endure a beating at the hands of the champ.

—Anonymous");
INSERT INTO Summary (summary_id, movie_id, summary_text) VALUES (10, "tt0245686", "After being abandoned by his parents at the Grand Canyon, Joe Dirt tells the story of his journey to find his parents.");
INSERT INTO Summary (summary_id, movie_id, summary_text) VALUES (11, "tt0245686", "Joe Dirt is a janitor with a mullet hairdo, acid-washed jeans and a dream to find the parents that he lost at the Grand Canyon when he was a belligerent, trailer park-raised eight-year-old. Now, blasting Van Halen in his jacked-up economy car, the irrepressibly optimistic Joe hits the road alone in search of his folks. As his wandering, misguided search takes him from one hilarious misadventure...");
INSERT INTO Summary (summary_id, movie_id, summary_text) VALUES (12, "tt0114694", "After his auto-parts tycoon father dies, the overweight, underachieving son teams up with a snide accountant to try and save the family business.

—Dynasti Noble");
INSERT INTO Summary (summary_id, movie_id, summary_text) VALUES (13, "tt0114694", "Tommy Callahan Jr. is a slow-witted, clumsy guy who recently graduated college after attending for seven years. His father, Big Tom Callahan, owns an auto parts factory in Ohio. When Tommy arrives back home, he finds he has a position at the factory waiting for him. His dad also introduces Tommy to the new brake pad division of the factory and to Tommy's soon-to-be stepmother, Beverly, and her ...");
INSERT INTO Summary (summary_id, movie_id, summary_text) VALUES (14, "tt0115697", "A gubernatorial candidate hires a wormy special assistant whose only job is to make sure the candidate's well-meaning but incompetent brother doesn't ruin the election.

—<jgp3553@yahoo.com>");
INSERT INTO Summary (summary_id, movie_id, summary_text) VALUES (15, "tt0115697", "Comedy about the prospective Washington State Governor Al Donnelly whose only stumbling block on the road to power is his embarrassing younger brother Mike. To keep him out of mischief, Al forces one of his aides, Steve Dodds to keep an eye on him during the election. However, this is easier said than done...

—Jonathan Broxton <j.w.broxton@sheffield.ac.uk>");
INSERT INTO Summary (summary_id, movie_id, summary_text) VALUES (16, "tt0144557", "A student falls in love with a fellow student who is defending his buddies in university court. He 'proves his love' (more like his masculinity) to her by playing rugby against her ex-boyfriend.

—Tristan Lawrence <tlawrence@pmsystems.com>");
INSERT INTO Summary (summary_id, movie_id, summary_text) VALUES (17, "tt0348333", "Young employees at Shenaniganz restaurant collectively stave off boredom and adulthood with their antics.

—Anonymous");
INSERT INTO Summary (summary_id, movie_id, summary_text) VALUES (18, "tt0348333", "It's the dinner shift at Shenanigan's. Dan, the clueless boss, assigns Mitch, 22, a trainee, to Monty, the smooth talker who chases girls for one-night stands. Dean, a waiter, also 22, feels that life is passing him by. Dan offers him the assistant manager job and gives him until midnight to decide. Other waiters, cooks, and bus boys have their issues and personalities. Bishop, the dishwasher, ...");
INSERT INTO Summary (summary_id, movie_id, summary_text) VALUES (19, "tt0366551", "A Korean-American office worker and his Indian-American stoner friend embark on a quest to satisfy their desire for White Castle burgers.

—Anonymous");
INSERT INTO Summary (summary_id, movie_id, summary_text) VALUES (20, "tt0366551", "Harold Lee and Kumar Patel are two stoners who end up getting the munchies. What they crave the most after seeing a TV advertisement, is a trip to White Castle. So from here, follows a journey for the burgers they require. On their way they will encounter many obstacles including a raccoon, a racist officer, and a horny Neil Patrick Harris.

—Film_Fan");
INSERT INTO Summary (summary_id, movie_id, summary_text) VALUES (21, "tt0069239", "A neglected, unhappy suburban housewife with gets mixed up in witchcraft with unexpected consequences.

—Anonymous");
INSERT INTO Summary (summary_id, movie_id, summary_text) VALUES (22, "tt0069239", "Joan Mitchell is an alienated suburban housewife pushing 40, who has a boorish businessman husband and a distant, distracted 19-year-old daughter whose, on the verge of moving out of the house. Frustrated at her current situation, Joan seeks solace in witchcraft after visiting Marion Hamilton, a local tarot reader and leader of a secret black arts wicca sect, who inspires Joan to follow her own...");
INSERT INTO Summary (summary_id, movie_id, summary_text) VALUES (23, "tt0077914", "A young man, who believes himself to be a vampire, goes to live with his elderly and hostile cousin in a small Pennsylvania town where he tries to redeem his blood-craving urges.

—matt-282");
INSERT INTO Summary (summary_id, movie_id, summary_text) VALUES (24, "tt0077914", "George Romero does for vampires what he has already done to zombies - an intense and realistic treatment that follows the exploits of Martin, who claims to be 84 years old, and who certainly drinks human blood. The boy arrives in Pittsburgh to stay with his cousin, who promises to save Martin's soul and destroy him once he is finished, but Martin's loneliness finds other means of release.

—Dav...");
INSERT INTO Summary (summary_id, movie_id, summary_text) VALUES (25, "tt0455407", "After a strange and insecure plane crash, an unusual toxic virus enters a quaint farming town. A young couple are quarantined, but they fight for survival along with help from a couple of people.

—Bethan");
INSERT INTO Summary (summary_id, movie_id, summary_text) VALUES (26, "tt0455407", "As a toxin begins to turn the residents of Ogden Marsh, Iowa into violent psychopaths, sheriff David Dutton tries to make sense of the situation while he, his wife, and two other unaffected townspeople band together in a fight for survival.

—ahmetkozan");
INSERT INTO Summary (summary_id, movie_id, summary_text) VALUES (27, "tt0166843", "A young man returns to his home city of Pittsburgh and moves in with an older woman whom he begins to rely on for emotional and financial support.

—matt-282");
INSERT INTO Summary (summary_id, movie_id, summary_text) VALUES (28, "tt0166843", "Chris Bradley is a young man who returns to his home city of Pittsburgh after several years of drifting and working odd jobs around the country since his discharge from the U.S. Army. Rejecting moving back in with his father and not wanting to return to the family business of manufacturing baby food, Chris meets and shacks up with Lynn, an older woman who works as a model in local TV commercial...");
INSERT INTO Summary (summary_id, movie_id, summary_text) VALUES (29, "tt0095652", "A quadriplegic man has a trained monkey help him with his paralysis, until the little monkey begins to develop feelings, and rage, against its new master.

—Matt Patay");
INSERT INTO Summary (summary_id, movie_id, summary_text) VALUES (30, "tt0095652", "When Allan becomes a quadriplegic he loses all hope for living until he meets Ella - a monkey trained to fetch and carry for him around the house, obeying him in all things. But Ella is part of another experiment, and when she starts responding to Allan's underlying rage and frustration she has the ability to carry out her master's darkest wishes.

—David Carroll <davidc@atom.ansto.gov.au>");
INSERT INTO Summary (summary_id, movie_id, summary_text) VALUES (31, "tt1134854", "On an island off the coast of North America, local residents simultaneously fight a zombie epidemic while hoping for a cure to return their un-dead relatives back to their human state.

—Anonymous");
INSERT INTO Summary (summary_id, movie_id, summary_text) VALUES (32, "tt1134854", "In the Plum Island, off the coast of Delaware, the long feud between the families of the patriarchs Captain Patrick O'Flynn (Kenneth Welsh) that intends to eliminate the zombies and Seamus Muldoon (Richard Fitzpatrick) that intends to keep his undead relatives waiting for a cure culminates with O'Flynn expelled from Plum. Meanwhile in the continent Sarge 'Nicotine' Crocket (Alan Van Sprang), Ch...");
INSERT INTO Summary (summary_id, movie_id, summary_text) VALUES (33, "tt0088993", "A small group of military officers and scientists dwell in an underground bunker as the world above is overrun by zombies.

—Anonymous");
INSERT INTO Summary (summary_id, movie_id, summary_text) VALUES (34, "tt0088993", "Zombies rule the world, except for a small group of scientists and military personnel who reside in an underground bunker in Florida. The scientists are using the undead in gruesome experiments; much to the chagrin of the military. Finally the military finds that their men have been used in the scientists' experiments, and banish the scientists to the caves that house the Living Dead. Unfortuna...");
INSERT INTO Summary (summary_id, movie_id, summary_text) VALUES (35, "tt0082622", "A medieval reenactment troupe find it increasingly difficult to keep their family-like group together, with pressure from local law enforcement, interest from entertainment agents and a growing sense of delusion from their leader.

—Daniel Jos. Leary");
INSERT INTO Summary (summary_id, movie_id, summary_text) VALUES (36, "tt0082622", "A travelling troupe of jousters and performers are slowly cracking under the pressure of hick cops, financial troubles and their failure to live up to their own ideals. The group's leader, King Billy, is increasingly unable to maintain his warrior's rule while the Black Knight is being tempted away to LA and stardom, as they all have to ask why they were here in the first place.

—David Carroll...");
INSERT INTO Summary (summary_id, movie_id, summary_text) VALUES (37, "tt0077402", "Following an ever-growing epidemic of zombies that have risen from the dead, two Philadelphia S.W.A.T. team members, a traffic reporter, and his television executive girlfriend seek refuge in a secluded shopping mall.

—Anonymous");
INSERT INTO Summary (summary_id, movie_id, summary_text) VALUES (38, "tt0077402", "The zombie apocalypse has hit Earth. Two personnel from a TV station and two policemen set off in a helicopter to find a safe place to hide out. Their search leads them to a shopping mall where they manage to find a place that, while not zombie-free, is quite secure. So far, so good.

—grantss");
INSERT INTO Summary (summary_id, movie_id, summary_text) VALUES (39, "tt0848557", "A group of young film students run into real-life zombies while filming a horror movie of their own.

—Anonymous");
INSERT INTO Summary (summary_id, movie_id, summary_text) VALUES (40, "tt0848557", "While filming a horror movie of mummy in a forest, the students and their professor of the University of Pittsburgh hear on the TV the news that the dead are awaking and walking. Ridley and Francine decide to leave the group, while Jason heads to the dormitory of his girlfriend Debra Monahan. She does not succeed in contacting her family and they travel in Mary's van to the house of Debra's par...");
INSERT INTO Summary (summary_id, movie_id, summary_text) VALUES (41, "tt0067341", "A recently institutionalized woman has bizarre experiences after moving into a supposedly haunted country farmhouse and fears she may be losing her sanity once again.

—Scott");
INSERT INTO Summary (summary_id, movie_id, summary_text) VALUES (42, "tt0067341", "After a stint in a psychiatric facility Jessica, her husband and a friend move to remote farm they have recently purchased. There they find a young woman by the name of Emily living in the house and they invite her to stay. When Jessica goes for a swim in the lake, she sees a body just below the water's surface. When they go into the village to sell some old furniture, they learn that a woman b...");
INSERT INTO Summary (summary_id, movie_id, summary_text) VALUES (43, "tt0418819", "The living dead have taken over the world, and the last humans live in a walled city to protect themselves as they come to grips with the situation.

—Erik Paniccia");
INSERT INTO Summary (summary_id, movie_id, summary_text) VALUES (44, "tt0418819", "Now that zombies have taken over the world, the living have built a walled-in city to keep the dead out. But all's not well where it's most safe, as a revolution plans to overthrow the city leadership, and the zombies are turning into more advanced creatures.

—Anonymous");
INSERT INTO Summary (summary_id, movie_id, summary_text) VALUES (45, "tt0119177", "A genetically inferior man assumes the identity of a superior one in order to pursue his lifelong dream of space travel.

—Anonymous");
INSERT INTO Summary (summary_id, movie_id, summary_text) VALUES (46, "tt0119177", "In the not-too-distant future, a less-than-perfect man wants to travel to the stars. Society has categorized Vincent Freeman as less than suitable given his genetic make-up and he has become one of the underclass of humans that are only useful for menial jobs. To move ahead, he assumes the identity of Jerome Morrow, a perfect genetic specimen who is a paraplegic as a result of a car accident. W...");
INSERT INTO Summary (summary_id, movie_id, summary_text) VALUES (47, "tt0253556", "A brood of fire-breathing dragons emerges from the earth and begins setting everything ablaze, establishing dominance over the planet.

—Anonymous");
INSERT INTO Summary (summary_id, movie_id, summary_text) VALUES (48, "tt0253556", "In present-day London, 12-year-old Quinn Abercromby witnesses the awakening of a hibernating dragon from a centuries-long slumber, the result of a construction dig supervised by his mother and an incident for which Quinn feels partially responsible. Twenty years later, the adult Quinn (Christian Bale) is the fire chief of a refortified castle community, responsible for dousing the blazes lit by...");
INSERT INTO Summary (summary_id, movie_id, summary_text) VALUES (49, "tt0119116", "In the colorful future, a cab driver unwittingly becomes the central figure in the search for a legendary cosmic weapon to keep Evil and Mr. Zorg at bay.

—Murray Chapman");
INSERT INTO Summary (summary_id, movie_id, summary_text) VALUES (50, "tt0119116", "In the twenty-third century, the universe is threatened by evil. The only hope for mankind is the Fifth Element, who comes to Earth every five thousand years to protect the humans with four stones of the four elements: fire, water, Earth and air. A Mondoshawan spacecraft is bringing The Fifth Element back to Earth but it is destroyed by the evil Mangalores. However, a team of scientists use the...");
INSERT INTO Summary (summary_id, movie_id, summary_text) VALUES (51, "tt0448134", "A team of international astronauts are sent on a dangerous mission to reignite the dying Sun with a nuclear fission bomb in 2057.

—Skip4591");
INSERT INTO Summary (summary_id, movie_id, summary_text) VALUES (52, "tt0448134", "50 years into the future, the Sun begins to die, and Earth is dying as a result. A team of astronauts is sent to revive the Sun - but the mission fails. Seven years later, a new team is sent to finish the mission as mankind's last hope.

—harpster_2004@yahoo.co.uk");
INSERT INTO Summary (summary_id, movie_id, summary_text) VALUES (53, "tt0361862", "An industrial worker who hasn't slept in a year begins to doubt his own sanity.

—IMDb Editors");
INSERT INTO Summary (summary_id, movie_id, summary_text) VALUES (54, "tt0361862", "Trevor Reznik is a machinist in a factory. An extreme case of insomnia has led to him not sleeping in a year, and his body withering away to almost nothing. He has an obsessive compulsion to write himself reminder notes and keep track of his dwindling weight, both scribbled on yellow stickies in his apartment. The only person he lets into his life in an emotional sense is Stevie, a prostitute, ...");
INSERT INTO Summary (summary_id, movie_id, summary_text) VALUES (55, "tt0118929", "A man struggles with memories of his past, which includes a wife he cannot remember, and a nightmarish world, no one else seems to be waking up from.

—John Sacksteder <jsack@ka.net>");
INSERT INTO Summary (summary_id, movie_id, summary_text) VALUES (56, "tt0118929", "John Murdoch awakens alone in a strange hotel to find that he has lost his memory and is wanted for a series of brutal and bizarre murders. While trying to piece together his past, he stumbles upon a fiendish underworld controlled by a group of beings known as The Strangers who possess the ability to put people to sleep and alter the city and its inhabitants. Now Murdoch must find a way to stop...");
INSERT INTO Summary (summary_id, movie_id, summary_text) VALUES (57, "tt1182345", "Astronaut Sam Bell has a quintessentially personal encounter toward the end of his three-year stint on the Moon, where he, working alongside his computer, GERTY, sends back to Earth parcels of a resource that has helped diminish our planet's power problems.

—Anonymous");
INSERT INTO Summary (summary_id, movie_id, summary_text) VALUES (58, "tt1182345", "Sam Bell has a three year contract to work for Lunar Industries. For the contract's entire duration, he is the sole employee based at their lunar station. His primary job responsibility is to harvest and periodically rocket back to Earth supplies of helium-3, the current clean and abundant fuel used on Earth. There is no direct communication link available between the lunar station and Earth, s...");
INSERT INTO Summary (summary_id, movie_id, summary_text) VALUES (59, "tt0118884", "Dr. Ellie Arroway, after years of searching, finds conclusive radio proof of extraterrestrial intelligence, sending plans for a mysterious machine.

—Jon Reeves <jreeves@imdb.com>");
INSERT INTO Summary (summary_id, movie_id, summary_text) VALUES (60, "tt0118884", "Astronomer Dr. Ellie Arroway has long been interested in contact to faraway lands, a love fostered in her childhood by her father, Ted Arroway (David Morse), who died when she was nine-years-old, leaving her orphaned. Her current work in monitoring for extraterrestrial life is based on that love and is in part an homage to her father. Ever since funding from the National Science Foundation (N.S...");
INSERT INTO Summary (summary_id, movie_id, summary_text) VALUES (61, "tt0462504", "A U.S. fighter pilot's epic struggle of survival after being shot down on a mission over Laos during the Vietnam War.");
INSERT INTO Summary (summary_id, movie_id, summary_text) VALUES (62, "tt0462504", "In 1965, while bombing Laos in a classified mission, the propeller plane of the German-American US Navy pilot Dieter Dengler is hit and crashes in the jungle. Dieter is arrested by the peasants, tortured by the Vietcong and sent to a prisoner camp, where he meets five other mentally deranged prisoners and guards. He becomes close to Duane and organizes an escape plan; however, the unstable Gene...");
INSERT INTO Summary (summary_id, movie_id, summary_text) VALUES (63, "tt0381849", "A small-time rancher agrees to hold a captured outlaw who's awaiting a train to go to court in Yuma. A battle of wills ensues as the outlaw tries to psych out the rancher.

—Anonymous");
INSERT INTO Summary (summary_id, movie_id, summary_text) VALUES (64, "tt0381849", "Rancher Dan Evans heads into Bisbee to clear up issues concerning the sale of his land when he witnesses the closing events of a stagecoach robbery led by famed outlaw Ben Wade. Shortly thereafter, Wade is captured by the law in Bisbee and Evans finds himself one of the escorts who will take Wade to the 3:10 to Yuma train in Contention for the reward of $200. Evans' effort to take Wade to the s...");
INSERT INTO Summary (summary_id, movie_id, summary_text) VALUES (65, "tt0433387", "A tough-minded drama about two friends in South Central Los Angeles and the violence that comes between them.

—Anonymous");
INSERT INTO Summary (summary_id, movie_id, summary_text) VALUES (66, "tt0433387", "Jim Davis is an ex-Army Ranger who finds himself slipping back into his old life of petty crime after a job offer from the LAPD evaporates. His best friend is pressured by his girlfriend Sylvia to find a job, but Jim is more interested in hanging out and making cash from small heists, while trying to get a law enforcement job so he can marry his Mexican girlfriend.

—batfreak79");
INSERT INTO Summary (summary_id, movie_id, summary_text) VALUES (67, "tt0114746", "In a future world devastated by disease, a convict is sent back in time to gather information about the man-made virus that wiped out most of the human population on the planet.

—Anonymous");
INSERT INTO Summary (summary_id, movie_id, summary_text) VALUES (68, "tt0114746", "An intense film about time travel, this Sci-Fi entry was directed by Terry Gilliam, a member of the comedy troupe Monty Python. The film stars Bruce Willis as James Cole, a prisoner of the state in the year 2035 who can earn parole if he agrees to travel back in time and thwart a devastating plague. The virus has wiped out most of the Earth's population and the remainder live underground becaus...");

INSERT INTO Quote (quote_id, movie_id, quote_text) VALUES (0, "tt0859635", "Genevieve Aubois:
I coach a girls hockey team so I know my way around a gash.  ");
INSERT INTO Quote (quote_id, movie_id, quote_text) VALUES (1, "tt0859635", "Guy LeFranc:
Great Tim Horton's ghost!  ");
INSERT INTO Quote (quote_id, movie_id, quote_text) VALUES (2, "tt0486551", "Barry Badrinath:
I wish it were winter so we could freeze it into ice blocks and skate on it and melt it in the spring time and drink it!  ");
INSERT INTO Quote (quote_id, movie_id, quote_text) VALUES (3, "tt0486551", "Barry Badrinath:
I was in Thailand playing ping-pong in Ding Dang. I was in a real high stakes game in some opium den. Turns out the guys I was playing aren't the kind of guys who like to lose. After I beat 'em, they beat me. Worked me over pretty good. And this is hard to say... they held me down and shoved a ping-pong paddle up my ass. It's never been the same. Damaged goods. 
Steve 'Fink' Fi...");
INSERT INTO Quote (quote_id, movie_id, quote_text) VALUES (4, "tt0331953", "Putman:
[with disdain]
What kind of a man has sex with a goat? 
Juan:
Hey, I used a condom. 
Jenny:
[who had had sex with Juan]
You told me they were against your religion. 
Juan:
Ehh, you know, I need to find Peen-a-lope. I am sure you all understand.  ");
INSERT INTO Quote (quote_id, movie_id, quote_text) VALUES (5, "tt0331953", "Juan:
[after 'interrogating' Penelope by having passionate sex]
I may need a few more hours to pump her for information.  ");
INSERT INTO Quote (quote_id, movie_id, quote_text) VALUES (6, "tt0456554", "Alex:
Anyway, I was wondering if maybe I could crash here for a while. 
Dante:
Whoa, I don't know, man. I got a business to run. This is like my office as well as my home. Plus, the lion comes in a couple days. 
Alex:
You're getting a lion? 
Dante:
Yeah. 
Alex:
Why? 
Dante:
To protect my shit. 
Alex:
Never heard of a dog? 
Dante:
Dude, you can get past a dog. Nobody fucks with a lion. 
Alex:
Ye...");
INSERT INTO Quote (quote_id, movie_id, quote_text) VALUES (7, "tt0456554", "Alex:
Dude, your bed is a car... 
Jeff:
Yeah, but it's a fucking sweet car.  ");
INSERT INTO Quote (quote_id, movie_id, quote_text) VALUES (8, "tt1135525", "Cleon Salmon:
You know what ten grand feels like in your pocket? It feels like a third cock.  ");
INSERT INTO Quote (quote_id, movie_id, quote_text) VALUES (9, "tt1135525", "Cleon Salmon:
Who is Guy... Meatdrapes? What kind of name is that? 
Guy:
It's, um, it's Metdrapedes, sir. It's Greek. 
Cleon Salmon:
I think you're pronouncing it wrong. This says Meatdrapes. 
Guy:
It's actually pronounced Metdrapedes. 
Cleon Salmon:
Well, why doesn't it sound like that when I say it? Meatdrapes.  ");
INSERT INTO Quote (quote_id, movie_id, quote_text) VALUES (10, "tt0245686", "Joe Dirt:
So you're gonna tell me that you don't have no black cats, no Roman Candles, or screaming mimis? 
Kicking Wing:
No. 
Joe Dirt:
Oh come on, man. You got no lady fingers, fuzz buttles, snicker bombs, church burners, finger blasters, gut busters, zippity do das, or crap flappers? 
Kicking Wing:
No, I don't. 
Joe Dirt:
You're gonna stand there, ownin' a fireworks stand, and tell me you do...");
INSERT INTO Quote (quote_id, movie_id, quote_text) VALUES (11, "tt0245686", "Clem:
[talking to fire extinguisher]
You're talking to me all wrong... It's the wrong tone. You do it again and I'll stab you in the face with a soldering iron. Hey, tell me, does your mother sew? BOOM. Get her to sew that!  ");
INSERT INTO Quote (quote_id, movie_id, quote_text) VALUES (12, "tt0114694", "[saying it correctly]

Tommy:
I can get a good look at a T-bone by sticking my head up a bull's ass, but I'd rather take a butcher's word for it.  ");
INSERT INTO Quote (quote_id, movie_id, quote_text) VALUES (13, "tt0114694", "Tommy:
Brothers don't shake hands. Brothers gotta hug.  ");
INSERT INTO Quote (quote_id, movie_id, quote_text) VALUES (14, "tt0115697", "[phoning citizens in an attempt to secure votes]

Mike:
Hi there, this is Mike Donnelly. I work over here at the recreational center. To be honest with you, I pretty much run the place ha, ha, ha. Is this ah Pat Gyles? Good, Good. Hey, hope everything's going great in your fine town of... er... Avery? Edward! Ha, ha, ha. Say, the reason I'm calling is I wanted to tell you a little bit about the...");
INSERT INTO Quote (quote_id, movie_id, quote_text) VALUES (15, "tt0115697", "[Mike is pretending to be a cop, Steve is pretending to be a prisoner]

Steve:
Ro-ads. Ro-ods. 
Mike:
Quiet back there! I've taken enough guff from you for one day! 
[turns to state trooper]

Mike:
Raving psycho! Butchered 400 chickens and screwed a beagle. I'm taking him back to Nevada where he's wanted for banging horses!  ");
INSERT INTO Quote (quote_id, movie_id, quote_text) VALUES (16, "tt0144557", "Zach:
So what's his name? 
Felix Bean:
Traci Shannon. 
Zach:
Traci Shannon! That's not just a firsty, firsty. It's also a girly girly  ");
INSERT INTO Quote (quote_id, movie_id, quote_text) VALUES (17, "tt0144557", "Matt:
Well hey, Sara. 
Sara:
Hey, Matt. Grogan's so funny. 
Matt:
Yeah. Hey, sounds to me like you like him. 
Sara:
Well... 
Matt:
Wow. You and Garbage Dick. That's great, I mean he was just saying that... 
Sara:
Wait, what did you say? 
Matt:
I was just saying how Garbage Dick told me how he thought you were... 
Sara:
Garbage Dick? 
Matt:
Yeah. Oh, no, no. It's no big deal. I mean, that was at...");
INSERT INTO Quote (quote_id, movie_id, quote_text) VALUES (18, "tt0348333", "Monty:
[using a Forrest Gump voice]
Momma said they's my magic shoes. Mama said they would take me anywhere. 'Course Mama used to beat me with a rubber hose and call me a retard.  ");
INSERT INTO Quote (quote_id, movie_id, quote_text) VALUES (19, "tt0348333", "Dan:
We need to seize the day. Be enthusiastic. 
Floyd:
[enthusiastically]
Yeah! Carpe deez nuts! God I can't wait to quit this job!  ");
INSERT INTO Quote (quote_id, movie_id, quote_text) VALUES (20, "tt0366551", "Harold:
Did Doogie Howser just steal my fucking car?  ");
INSERT INTO Quote (quote_id, movie_id, quote_text) VALUES (21, "tt0366551", "Harold:
So what are you in here for? 
Tarik:
For being black. 
Harold:
Seriously. 
Tarik:
I am serious. You wanna know what happened? I was walking out of a Barnes & Noble, and a cop stops me. Now evidently, a black guy robbed a store in Newark. I told him, 'I haven't even been to Newark in months.' So he starts beating me with his gun, telling me to stop resisting arrest. 
Harold:
Holy shit! W...");
INSERT INTO Quote (quote_id, movie_id, quote_text) VALUES (22, "tt0069239", "Shirley:
[reading from the Witchcraft primer]
'The religion offers, further, a retreat for emotional women, repressed women, masculine women and those suffering from personal disappointment or nervous maladjustment.' Christ, what other kind of women are there? No wonder this stuff's getting so damn popular.  ");
INSERT INTO Quote (quote_id, movie_id, quote_text) VALUES (23, "tt0069239", "Jack:
Your own goddamned daughter, balled in the next room and you go with it.  ");
INSERT INTO Quote (quote_id, movie_id, quote_text) VALUES (24, "tt0077914", "Martin Madahas:
Things only seem to be magic. There is no real magic. There's no real magic ever.  ");
INSERT INTO Quote (quote_id, movie_id, quote_text) VALUES (25, "tt0077914", "Christina:
How old are you, Martin? 
Martin Madahas:
Oh, I'm old. 
Christina:
How old? 
Martin Madahas:
Eighty four.  ");
INSERT INTO Quote (quote_id, movie_id, quote_text) VALUES (26, "tt0455407", "David Dutton:
Don't ask me why I can't leave without my wife and I won't ask you why you can.  ");
INSERT INTO Quote (quote_id, movie_id, quote_text) VALUES (27, "tt0455407", "David Dutton:
[In the car wash, to the Deputy firing his shotgun out of the car window]
RUSSELL! 
Russell Clank:
I saw a movement! 
David Dutton:
Everything is fuckin' moving!  ");
INSERT INTO Quote (quote_id, movie_id, quote_text) VALUES (28, "tt0166843", "Chris Bradley:
Dad, I just don't want to go to work in your baby food factory. And, I don't want to sell vacuum cleaners. I don't want to sell little toy plastic aircraft carriers. I don't wanna... I don't know what I want. 
Mr. Bradley:
Chris, I think I understand what you're talking about. A little bit anyway. But these problems are a little bit like going to Howard Johnsons for some ice crea...");
INSERT INTO Quote (quote_id, movie_id, quote_text) VALUES (29, "tt0166843", "Mr. Bradley:
Chris... why don't you let me send you back to school? I might as well put my money to good use. 
Chris Bradley:
No thanks, Dad, I don't want to hold back my education. 
Mr. Bradley:
You better come down out of those clouds, boy... or you're not going to be worth the powder to blow you to hell.  ");
INSERT INTO Quote (quote_id, movie_id, quote_text) VALUES (30, "tt0095652", "Geoffrey Fisher:
You're a clinical cunt.  ");
INSERT INTO Quote (quote_id, movie_id, quote_text) VALUES (31, "tt0095652", "Geoffrey Fisher:
That's one of the advantages of working in a chem lab. I finally figured it out, Allan. Every three days that I stay awake, I gain 24 hours. That's 122 days every year. So even if I die at 50, I will have lived 65 years.  ");
INSERT INTO Quote (quote_id, movie_id, quote_text) VALUES (32, "tt1134854", "Sarge 'Nicotine' Crocket:
Where's Cisco? 
Tomboy:
He's... in heaven... telling the Virgin Mary he can change her life.  ");
INSERT INTO Quote (quote_id, movie_id, quote_text) VALUES (33, "tt1134854", "[first lines]

Sarge 'Nicotine' Crocket:
[voice-over]
Last time anyone counted, fifty-three million people were dying every year, a hundred-fifty thousand every day, a hundred and seven every minute, and that was in normal times.  ");
INSERT INTO Quote (quote_id, movie_id, quote_text) VALUES (34, "tt0088993", "Captain Rhodes:
[as the zombies are disembowling him and eating his entrails]
Choke on 'em!  ");
INSERT INTO Quote (quote_id, movie_id, quote_text) VALUES (35, "tt0088993", "Dr. Logan:
[interrupting Rhodes]
Is there food? 
Rhodes:
[screaming]
I'm running this monkey farm now Frankenstein and I wanna know... what the fuck you're doing with my time?  ");
INSERT INTO Quote (quote_id, movie_id, quote_text) VALUES (36, "tt0082622", "Linet:
Everybody here made a conscious, adult decision to be here. To be with you. When you go crazy, you force them to rethink that decision. You've got to... 
Billy:
Compromise. 
Linet:
Change doesn't have to mean compromise. We're bigger now. Things are different. Christ, we've got an overhead. 
Billy:
Publicity helps the overhead by bringing in more crowds, more suckerheaded American driftw...");
INSERT INTO Quote (quote_id, movie_id, quote_text) VALUES (37, "tt0082622", "Merlin:
If I didn't believe in magic, I'd still be treating gall bladders, prostates and stuff like that. See, magic ain't got nothing to do with organs and glands and busted necks. Magic got to do with the soul, man. Only the soul's got destiny. It got wings. It's can fly. That's magic. The body? The body's just got a few minutes down here in the dirt with the rest of us. 
Billy:
You see thing...");
INSERT INTO Quote (quote_id, movie_id, quote_text) VALUES (38, "tt0077402", "Francine Parker:
They're still here. 
Stephen:
They're after us. They know we're still in here. 
Peter:
They're after the place. They don't know why; they just remember. Remember that they want to be in here. 
Francine Parker:
What the hell are they? 
Peter:
They're us, that's all, when there's no more room in hell. 
Stephen:
What? 
Peter:
Something my granddad used to tell us. You know Macumba...");
INSERT INTO Quote (quote_id, movie_id, quote_text) VALUES (39, "tt0077402", "Dr. Foster:
Every dead body that is not exterminated becomes one of them. It gets up and kills! The people it kills get up and kill!  ");
INSERT INTO Quote (quote_id, movie_id, quote_text) VALUES (40, "tt0848557", "Looter:
What the fuck are you doing here? 
Jason:
What the fuck are you doing here? 
Looter:
[holding TV]
I'm just stealing shit. But you... what's a guy with a video camera doing in the women's dorm, huh?  ");
INSERT INTO Quote (quote_id, movie_id, quote_text) VALUES (41, "tt0848557", "[last lines]

Debra:
Jason once said he thought he could help, maybe even save some lives. This is the last thing he downloaded before he died: a couple of hometown Joes who went out to shoot at targets. But that day, they used people. Dead people. You know, just for fun? There was one target that was different from the rest. A woman... tied by her hair to the branch of a tree. The boys had thi...");
INSERT INTO Quote (quote_id, movie_id, quote_text) VALUES (42, "tt0067341", "Emily:
It's not the cake!  ");
INSERT INTO Quote (quote_id, movie_id, quote_text) VALUES (43, "tt0067341", "Jessica:
I sit here and I can't believe that it happened. And yet I have to believe it. Dreams or nightmares? Madness or sanity? I don't know which is which.  ");
INSERT INTO Quote (quote_id, movie_id, quote_text) VALUES (44, "tt0418819", "Kaufman:
In a world where the dead are returning to life, the word 'trouble' loses much of its meaning.  ");
INSERT INTO Quote (quote_id, movie_id, quote_text) VALUES (45, "tt0418819", "Mike:
They're pretending to be alive... 
Riley:
Isn't that what we're doing? Pretending to be alive?  ");
INSERT INTO Quote (quote_id, movie_id, quote_text) VALUES (46, "tt0119177", "[last lines]

Vincent:
[voiceover]
For someone who was never meant for this world, I must confess I'm suddenly having a hard time leaving it. Of course, they say every atom in our bodies was once part of a star. Maybe I'm not leaving... maybe I'm going home.  ");
INSERT INTO Quote (quote_id, movie_id, quote_text) VALUES (47, "tt0119177", "Vincent:
You want to know how I did it? This is how I did it, Anton: I never saved anything for the swim back.  ");
INSERT INTO Quote (quote_id, movie_id, quote_text) VALUES (48, "tt0253556", "[referring to the dragons]

Denton Van Zan:
Ever see a male? 
Quinn Abercromby:
When I'm running for my life I generally don't look back at the plumbing.  ");
INSERT INTO Quote (quote_id, movie_id, quote_text) VALUES (49, "tt0253556", "Denton Van Zan:
Envy the country that has heroes, huh? I say pity the country that needs them.  ");
INSERT INTO Quote (quote_id, movie_id, quote_text) VALUES (50, "tt0119116", "Police:
Are you classified as human? 
Korben Dallas:
Negative, I am a meat popsicle.  ");
INSERT INTO Quote (quote_id, movie_id, quote_text) VALUES (51, "tt0119116", "Korben Dallas:
[Leans down and kisses Leeloo. Leeloo swipes his gun and holds it to his head]

Korben Dallas:
You're right, you're right, I shouldn't have done that. I'm sorry. 
Leeloo:
Senno ecto gammat! 
Korben Dallas:
I'm sorry, I'm sorry! 
Leeloo:
ecto gammat! 
Korben Dallas:
[In a later scene]
When she woke up, she said a bunch a stuff. I didn't understand any of it but... what does 'ecto ...");
INSERT INTO Quote (quote_id, movie_id, quote_text) VALUES (52, "tt0448134", "Pinbacker:
At the end of time, a moment will come when just one man remains. Then the moment will pass. Man will be gone. There will be nothing to show that we were ever here... but stardust.  ");
INSERT INTO Quote (quote_id, movie_id, quote_text) VALUES (53, "tt0448134", "[last lines]

Capa:
So if you wake up one morning and it's a particularly beautiful day, you'll know we made it. Okay, I'm signing out.  ");
INSERT INTO Quote (quote_id, movie_id, quote_text) VALUES (54, "tt0361862", "Trevor Reznik:
Stevie, I haven't slept in a year. 
Stevie:
Jesus Christ! 
Trevor Reznik:
I tried him too.  ");
INSERT INTO Quote (quote_id, movie_id, quote_text) VALUES (55, "tt0361862", "Stevie:
Are you okay? 
Trevor Reznik:
Don't I look okay? 
Stevie:
If you were any thinner, you wouldn't exist.  ");
INSERT INTO Quote (quote_id, movie_id, quote_text) VALUES (56, "tt0118929", "Dr. Schreber:
I call them the Strangers. They abducted us and brought us here. This city, everyone in it... is their experiment. They mix and match our memories as they see fit, trying to divine what makes us unique. One day, a man might be an inspector. The next, someone entirely different. When they want to study a murderer, for instance, they simply imprint one of their citizens with a new p...");
INSERT INTO Quote (quote_id, movie_id, quote_text) VALUES (57, "tt0118929", "John Murdoch:
When was the last time you remember doing something during the day? 
Inspector Frank Bumstead:
What do you mean? 
John Murdoch:
I just mean during the day. Daylight. When was the last time you remember seeing it? And I'm not talking about some distant, half-forgotten childhood memory, I mean like yesterday. Last week. Can you come up with a single memory? You can't, can you? You k...");
INSERT INTO Quote (quote_id, movie_id, quote_text) VALUES (58, "tt1182345", "GERTY:
I hope life on Earth is everything you remember it to be.  ");
INSERT INTO Quote (quote_id, movie_id, quote_text) VALUES (59, "tt1182345", "Sam Bell:
You'd be okay? 
GERTY:
Of course. The new Sam and I will be back to our programming as soon as I finished rebooting. 
Sam Bell:
Gerty, we're not programmed. We're people, do you understand?  ");
INSERT INTO Quote (quote_id, movie_id, quote_text) VALUES (60, "tt0118884", "Alien:
You're an interesting species. An interesting mix. You're capable of such beautiful dreams, and such horrible nightmares. You feel so lost, so cut off, so alone, only you're not. See, in all our searching, the only thing we've found that makes the emptiness bearable, is each other.  ");
INSERT INTO Quote (quote_id, movie_id, quote_text) VALUES (61, "tt0118884", "[last lines]

Ellie Arroway:
[to a group of children]
I'll tell you one thing about the universe, though. The universe is a pretty big place. It's bigger than anything anyone has ever dreamed of before. So if it's just us... seems like an awful waste of space. Right?  ");
INSERT INTO Quote (quote_id, movie_id, quote_text) VALUES (62, "tt0462504", "Dieter:
Empty what is full. Fill what is empty. Scratch what itches.  ");
INSERT INTO Quote (quote_id, movie_id, quote_text) VALUES (63, "tt0462504", "Dieter:
No, I never wanted to go to war. I just wanted to fly.  ");
INSERT INTO Quote (quote_id, movie_id, quote_text) VALUES (64, "tt0381849", "Dan Evans:
[while being choked]
I ain't never been no hero, Wade. The only battle I seen, we was in retreat. My foot got shot off by one of my own men. You try telling that story to your boy. See how he he looks at you then.  ");
INSERT INTO Quote (quote_id, movie_id, quote_text) VALUES (65, "tt0381849", "Dan Evans:
I ain't stubborn. 
Ben Wade:
Excuse me? 
Dan Evans:
You said I was stubborn, for keeping my family on a dying ranch. It's my son, Mark. The young one. He got tuberculosis when he was two. Doctor said he would die if he didn't have a dry climate, so... 
Ben Wade:
[interrupting]
Why are you tellin' me this? 
Dan Evans:
I don't know. I guess I just... wanted you to know that I ain't stu...");
INSERT INTO Quote (quote_id, movie_id, quote_text) VALUES (66, "tt0433387", "Jim Davis:
I'm a soldier of the apocalypse, man!  ");
INSERT INTO Quote (quote_id, movie_id, quote_text) VALUES (67, "tt0433387", "Mike Alonzo:
How was it like to straight up whack em up ? 
Mike Alonzo:
Point and shoot. Pop, pop - move on! You do not stop and think!  ");
INSERT INTO Quote (quote_id, movie_id, quote_text) VALUES (68, "tt0114746", "Jeffrey Goines:
There's the television. It's all right there - all right there. Look, listen, kneel, pray. Commercials! We're not productive anymore. We don't make things anymore. It's all automated. What are we *for* then? We're consumers, Jim. Yeah. Okay, okay. Buy a lot of stuff, you're a good citizen. But if you don't buy a lot of stuff, if you don't, what are you then, I ask you? What? Men...");
INSERT INTO Quote (quote_id, movie_id, quote_text) VALUES (69, "tt0114746", "Jeffrey Goines:
There's no right, there's no wrong, there's only popular opinion.  ");

INSERT INTO Tagline (tagline_id, movie_id, tagline_text) VALUES (0, "tt0859635", "The time is meow.");
INSERT INTO Tagline (tagline_id, movie_id, tagline_text) VALUES (1, "tt0859635", "Don't Miss It!");
INSERT INTO Tagline (tagline_id, movie_id, tagline_text) VALUES (2, "tt0486551", "Bring on the beer. They've got the nuts.");
INSERT INTO Tagline (tagline_id, movie_id, tagline_text) VALUES (3, "tt0486551", "Comedy on tap");
INSERT INTO Tagline (tagline_id, movie_id, tagline_text) VALUES (4, "tt0331953", "A vacation to die for.");
INSERT INTO Tagline (tagline_id, movie_id, tagline_text) VALUES (5, "tt0331953", "Sun, Sea, Sex and Slaughter (Ireland DVD)");
INSERT INTO Tagline (tagline_id, movie_id, tagline_text) VALUES (6, "tt0456554", "Sex. Drugs. Nakedness. Rude language... And proud of it!");
INSERT INTO Tagline (tagline_id, movie_id, tagline_text) VALUES (7, "tt1135525", "Bring a bib, it's gonna get messy");
INSERT INTO Tagline (tagline_id, movie_id, tagline_text) VALUES (8, "tt0245686", "Keep on Moppin' in the Free world.");
INSERT INTO Tagline (tagline_id, movie_id, tagline_text) VALUES (9, "tt0245686", "He Came. He Cleaned. He Conquered");
INSERT INTO Tagline (tagline_id, movie_id, tagline_text) VALUES (10, "tt0114694", "If at first you don't succeed, lower your standards.");
INSERT INTO Tagline (tagline_id, movie_id, tagline_text) VALUES (11, "tt0115697", "There's one in every family.");
INSERT INTO Tagline (tagline_id, movie_id, tagline_text) VALUES (12, "tt0348333", "Hungry for Laughs? (DVD)");
INSERT INTO Tagline (tagline_id, movie_id, tagline_text) VALUES (13, "tt0348333", "A comedy of massive portions");
INSERT INTO Tagline (tagline_id, movie_id, tagline_text) VALUES (14, "tt0366551", "Fast Food. High Times.");
INSERT INTO Tagline (tagline_id, movie_id, tagline_text) VALUES (15, "tt0069239", "Caviar in the kitchen - nothing in the bedroom");
INSERT INTO Tagline (tagline_id, movie_id, tagline_text) VALUES (16, "tt0069239", "first NIGHT OF THE LIVING DEAD then DAWN OF THE DEAD - NOW George A. Romero's [Season of the Witch]");
INSERT INTO Tagline (tagline_id, movie_id, tagline_text) VALUES (17, "tt0077914", "A Vampire for Our Age of Disbelief");
INSERT INTO Tagline (tagline_id, movie_id, tagline_text) VALUES (18, "tt0077914", "See It with Someone You're Sure of...");
INSERT INTO Tagline (tagline_id, movie_id, tagline_text) VALUES (19, "tt0455407", "Fear Thy Neighbor");
INSERT INTO Tagline (tagline_id, movie_id, tagline_text) VALUES (20, "tt0455407", "Welcome to Ogden Marsh, the friendliest place on earth");
INSERT INTO Tagline (tagline_id, movie_id, tagline_text) VALUES (21, "tt0166843", "There's more to love than just moving in");
INSERT INTO Tagline (tagline_id, movie_id, tagline_text) VALUES (22, "tt0166843", "Every woman knows why the wrong man is irresistible!");
INSERT INTO Tagline (tagline_id, movie_id, tagline_text) VALUES (23, "tt0095652", "A man trapped within his own body. An animal trained to read and carry out thoughts. One with a mind for revenge. The other with an instinct for carrying out that revenge.");
INSERT INTO Tagline (tagline_id, movie_id, tagline_text) VALUES (24, "tt0095652", "See no evil...hear no evil...speak no evil...think no evil.");
INSERT INTO Tagline (tagline_id, movie_id, tagline_text) VALUES (25, "tt1134854", "Death isn't what it used to be.");
INSERT INTO Tagline (tagline_id, movie_id, tagline_text) VALUES (26, "tt0088993", "The Dead have waited. The day has come.");
INSERT INTO Tagline (tagline_id, movie_id, tagline_text) VALUES (27, "tt0088993", "Now life has become a NIGHTMARE!");
INSERT INTO Tagline (tagline_id, movie_id, tagline_text) VALUES (28, "tt0082622", "From the Master of Action and Suspense!");
INSERT INTO Tagline (tagline_id, movie_id, tagline_text) VALUES (29, "tt0082622", "Ride to live. Live to die.");
INSERT INTO Tagline (tagline_id, movie_id, tagline_text) VALUES (30, "tt0077402", "George A. Romero's classic 1978 gore-fest, Dawn of the Dead, is back.");
INSERT INTO Tagline (tagline_id, movie_id, tagline_text) VALUES (31, "tt0077402", "First there was 'NIGHT OF THE LIVING DEAD'... Now GEORGE A. ROMERO'S [Dawn of the Dead]");
INSERT INTO Tagline (tagline_id, movie_id, tagline_text) VALUES (32, "tt0848557", "Shoot the dead.");
INSERT INTO Tagline (tagline_id, movie_id, tagline_text) VALUES (33, "tt0848557", "Where will you be when the end begins?");
INSERT INTO Tagline (tagline_id, movie_id, tagline_text) VALUES (34, "tt0067341", "Something is after Jessica. Something very cold, very wet... and very dead...");
INSERT INTO Tagline (tagline_id, movie_id, tagline_text) VALUES (35, "tt0418819", "The dead shall inherit the Earth.");
INSERT INTO Tagline (tagline_id, movie_id, tagline_text) VALUES (36, "tt0418819", "Rise of the Zombies");
INSERT INTO Tagline (tagline_id, movie_id, tagline_text) VALUES (37, "tt0119177", "The Prisoner. His Cell.");
INSERT INTO Tagline (tagline_id, movie_id, tagline_text) VALUES (38, "tt0119177", "A life is a dangerous thing to share.");
INSERT INTO Tagline (tagline_id, movie_id, tagline_text) VALUES (39, "tt0253556", "Fight Fire With Fire");
INSERT INTO Tagline (tagline_id, movie_id, tagline_text) VALUES (40, "tt0253556", "They're extremely intelligent. Highly evolved. And they don't like sharing the planet.");
INSERT INTO Tagline (tagline_id, movie_id, tagline_text) VALUES (41, "tt0119116", "It Mu5t Be Found.");
INSERT INTO Tagline (tagline_id, movie_id, tagline_text) VALUES (42, "tt0119116", "250 years in the future, all will be lost unless the fifth element is found.");
INSERT INTO Tagline (tagline_id, movie_id, tagline_text) VALUES (43, "tt0448134", "Dark days are coming.");
INSERT INTO Tagline (tagline_id, movie_id, tagline_text) VALUES (44, "tt0448134", "If it dies, so do we.");
INSERT INTO Tagline (tagline_id, movie_id, tagline_text) VALUES (45, "tt0361862", "How do you wake up from a nightmare, if you're not asleep?");
INSERT INTO Tagline (tagline_id, movie_id, tagline_text) VALUES (46, "tt0361862", "A little guilt goes a long way...");
INSERT INTO Tagline (tagline_id, movie_id, tagline_text) VALUES (47, "tt0118929", "They built the city to see what makes us tick. Last night one of us went off.");
INSERT INTO Tagline (tagline_id, movie_id, tagline_text) VALUES (48, "tt0118929", "Darkness Falls Soon");
INSERT INTO Tagline (tagline_id, movie_id, tagline_text) VALUES (49, "tt1182345", "The last place you'd ever expect to find yourself");
INSERT INTO Tagline (tagline_id, movie_id, tagline_text) VALUES (50, "tt0118884", "Get ready to take a chance on something that just might end up being the most profoundly impactful moment for humanity, for the history... of history.");
INSERT INTO Tagline (tagline_id, movie_id, tagline_text) VALUES (51, "tt0118884", "A message from deep space. Who will be the first to go? A journey to the heart of the universe.");
INSERT INTO Tagline (tagline_id, movie_id, tagline_text) VALUES (52, "tt0462504", "A true story of survival... declassified.");
INSERT INTO Tagline (tagline_id, movie_id, tagline_text) VALUES (53, "tt0462504", "Based on the extraordinary true story of one man's fight for freedom");
INSERT INTO Tagline (tagline_id, movie_id, tagline_text) VALUES (54, "tt0381849", "Time waits for one man");
INSERT INTO Tagline (tagline_id, movie_id, tagline_text) VALUES (55, "tt0114746", "The future is history.");

INSERT INTO MovieGenre (movie_id, genre_id) VALUES ("tt0859635", 12);
INSERT INTO MovieGenre (movie_id, genre_id) VALUES ("tt0859635", 10);
INSERT INTO MovieGenre (movie_id, genre_id) VALUES ("tt0859635", 1);
INSERT INTO MovieGenre (movie_id, genre_id) VALUES ("tt0486551", 12);
INSERT INTO MovieGenre (movie_id, genre_id) VALUES ("tt0331953", 12);
INSERT INTO MovieGenre (movie_id, genre_id) VALUES ("tt0331953", 0);
INSERT INTO MovieGenre (movie_id, genre_id) VALUES ("tt0331953", 1);
INSERT INTO MovieGenre (movie_id, genre_id) VALUES ("tt0331953", 2);
INSERT INTO MovieGenre (movie_id, genre_id) VALUES ("tt0456554", 12);
INSERT INTO MovieGenre (movie_id, genre_id) VALUES ("tt1135525", 12);
INSERT INTO MovieGenre (movie_id, genre_id) VALUES ("tt0245686", 5);
INSERT INTO MovieGenre (movie_id, genre_id) VALUES ("tt0245686", 12);
INSERT INTO MovieGenre (movie_id, genre_id) VALUES ("tt0245686", 11);
INSERT INTO MovieGenre (movie_id, genre_id) VALUES ("tt0114694", 5);
INSERT INTO MovieGenre (movie_id, genre_id) VALUES ("tt0114694", 12);
INSERT INTO MovieGenre (movie_id, genre_id) VALUES ("tt0115697", 12);
INSERT INTO MovieGenre (movie_id, genre_id) VALUES ("tt0144557", 12);
INSERT INTO MovieGenre (movie_id, genre_id) VALUES ("tt0144557", 11);
INSERT INTO MovieGenre (movie_id, genre_id) VALUES ("tt0144557", 8);
INSERT INTO MovieGenre (movie_id, genre_id) VALUES ("tt0348333", 12);
INSERT INTO MovieGenre (movie_id, genre_id) VALUES ("tt0366551", 5);
INSERT INTO MovieGenre (movie_id, genre_id) VALUES ("tt0366551", 12);
INSERT INTO MovieGenre (movie_id, genre_id) VALUES ("tt0069239", 11);
INSERT INTO MovieGenre (movie_id, genre_id) VALUES ("tt0069239", 0);
INSERT INTO MovieGenre (movie_id, genre_id) VALUES ("tt0077914", 11);
INSERT INTO MovieGenre (movie_id, genre_id) VALUES ("tt0077914", 0);
INSERT INTO MovieGenre (movie_id, genre_id) VALUES ("tt0455407", 0);
INSERT INTO MovieGenre (movie_id, genre_id) VALUES ("tt0455407", 2);
INSERT INTO MovieGenre (movie_id, genre_id) VALUES ("tt0166843", 12);
INSERT INTO MovieGenre (movie_id, genre_id) VALUES ("tt0166843", 11);
INSERT INTO MovieGenre (movie_id, genre_id) VALUES ("tt0166843", 8);
INSERT INTO MovieGenre (movie_id, genre_id) VALUES ("tt0095652", 11);
INSERT INTO MovieGenre (movie_id, genre_id) VALUES ("tt0095652", 0);
INSERT INTO MovieGenre (movie_id, genre_id) VALUES ("tt0095652", 13);
INSERT INTO MovieGenre (movie_id, genre_id) VALUES ("tt0095652", 2);
INSERT INTO MovieGenre (movie_id, genre_id) VALUES ("tt1134854", 12);
INSERT INTO MovieGenre (movie_id, genre_id) VALUES ("tt1134854", 11);
INSERT INTO MovieGenre (movie_id, genre_id) VALUES ("tt1134854", 0);
INSERT INTO MovieGenre (movie_id, genre_id) VALUES ("tt1134854", 2);
INSERT INTO MovieGenre (movie_id, genre_id) VALUES ("tt0088993", 0);
INSERT INTO MovieGenre (movie_id, genre_id) VALUES ("tt0088993", 2);
INSERT INTO MovieGenre (movie_id, genre_id) VALUES ("tt0082622", 3);
INSERT INTO MovieGenre (movie_id, genre_id) VALUES ("tt0082622", 11);
INSERT INTO MovieGenre (movie_id, genre_id) VALUES ("tt0077402", 3);
INSERT INTO MovieGenre (movie_id, genre_id) VALUES ("tt0077402", 5);
INSERT INTO MovieGenre (movie_id, genre_id) VALUES ("tt0077402", 0);
INSERT INTO MovieGenre (movie_id, genre_id) VALUES ("tt0077402", 2);
INSERT INTO MovieGenre (movie_id, genre_id) VALUES ("tt0848557", 4);
INSERT INTO MovieGenre (movie_id, genre_id) VALUES ("tt0848557", 0);
INSERT INTO MovieGenre (movie_id, genre_id) VALUES ("tt0848557", 13);
INSERT INTO MovieGenre (movie_id, genre_id) VALUES ("tt0848557", 2);
INSERT INTO MovieGenre (movie_id, genre_id) VALUES ("tt0067341", 11);
INSERT INTO MovieGenre (movie_id, genre_id) VALUES ("tt0067341", 0);
INSERT INTO MovieGenre (movie_id, genre_id) VALUES ("tt0067341", 1);
INSERT INTO MovieGenre (movie_id, genre_id) VALUES ("tt0418819", 0);
INSERT INTO MovieGenre (movie_id, genre_id) VALUES ("tt0418819", 13);
INSERT INTO MovieGenre (movie_id, genre_id) VALUES ("tt0418819", 2);
INSERT INTO MovieGenre (movie_id, genre_id) VALUES ("tt0119177", 11);
INSERT INTO MovieGenre (movie_id, genre_id) VALUES ("tt0119177", 13);
INSERT INTO MovieGenre (movie_id, genre_id) VALUES ("tt0119177", 2);
INSERT INTO MovieGenre (movie_id, genre_id) VALUES ("tt0253556", 3);
INSERT INTO MovieGenre (movie_id, genre_id) VALUES ("tt0253556", 5);
INSERT INTO MovieGenre (movie_id, genre_id) VALUES ("tt0253556", 4);
INSERT INTO MovieGenre (movie_id, genre_id) VALUES ("tt0253556", 2);
INSERT INTO MovieGenre (movie_id, genre_id) VALUES ("tt0119116", 3);
INSERT INTO MovieGenre (movie_id, genre_id) VALUES ("tt0119116", 5);
INSERT INTO MovieGenre (movie_id, genre_id) VALUES ("tt0119116", 13);
INSERT INTO MovieGenre (movie_id, genre_id) VALUES ("tt0448134", 13);
INSERT INTO MovieGenre (movie_id, genre_id) VALUES ("tt0448134", 2);
INSERT INTO MovieGenre (movie_id, genre_id) VALUES ("tt0361862", 11);
INSERT INTO MovieGenre (movie_id, genre_id) VALUES ("tt0361862", 2);
INSERT INTO MovieGenre (movie_id, genre_id) VALUES ("tt0118929", 1);
INSERT INTO MovieGenre (movie_id, genre_id) VALUES ("tt0118929", 13);
INSERT INTO MovieGenre (movie_id, genre_id) VALUES ("tt0118929", 2);
INSERT INTO MovieGenre (movie_id, genre_id) VALUES ("tt1182345", 11);
INSERT INTO MovieGenre (movie_id, genre_id) VALUES ("tt1182345", 1);
INSERT INTO MovieGenre (movie_id, genre_id) VALUES ("tt1182345", 13);
INSERT INTO MovieGenre (movie_id, genre_id) VALUES ("tt0118884", 11);
INSERT INTO MovieGenre (movie_id, genre_id) VALUES ("tt0118884", 1);
INSERT INTO MovieGenre (movie_id, genre_id) VALUES ("tt0118884", 13);
INSERT INTO MovieGenre (movie_id, genre_id) VALUES ("tt0118884", 2);
INSERT INTO MovieGenre (movie_id, genre_id) VALUES ("tt0462504", 3);
INSERT INTO MovieGenre (movie_id, genre_id) VALUES ("tt0462504", 6);
INSERT INTO MovieGenre (movie_id, genre_id) VALUES ("tt0462504", 11);
INSERT INTO MovieGenre (movie_id, genre_id) VALUES ("tt0462504", 2);
INSERT INTO MovieGenre (movie_id, genre_id) VALUES ("tt0462504", 9);
INSERT INTO MovieGenre (movie_id, genre_id) VALUES ("tt0381849", 3);
INSERT INTO MovieGenre (movie_id, genre_id) VALUES ("tt0381849", 10);
INSERT INTO MovieGenre (movie_id, genre_id) VALUES ("tt0381849", 11);
INSERT INTO MovieGenre (movie_id, genre_id) VALUES ("tt0381849", 7);
INSERT INTO MovieGenre (movie_id, genre_id) VALUES ("tt0433387", 3);
INSERT INTO MovieGenre (movie_id, genre_id) VALUES ("tt0433387", 10);
INSERT INTO MovieGenre (movie_id, genre_id) VALUES ("tt0433387", 11);
INSERT INTO MovieGenre (movie_id, genre_id) VALUES ("tt0433387", 2);
INSERT INTO MovieGenre (movie_id, genre_id) VALUES ("tt0114746", 1);
INSERT INTO MovieGenre (movie_id, genre_id) VALUES ("tt0114746", 13);
INSERT INTO MovieGenre (movie_id, genre_id) VALUES ("tt0114746", 2);

INSERT INTO MovieProduction (movie_id, production_id) VALUES ("tt0859635", 2);
INSERT INTO MovieProduction (movie_id, production_id) VALUES ("tt0859635", 23);
INSERT INTO MovieProduction (movie_id, production_id) VALUES ("tt0859635", 5);
INSERT INTO MovieProduction (movie_id, production_id) VALUES ("tt0859635", 83);
INSERT INTO MovieProduction (movie_id, production_id) VALUES ("tt0859635", 43);
INSERT INTO MovieProduction (movie_id, production_id) VALUES ("tt0486551", 95);
INSERT INTO MovieProduction (movie_id, production_id) VALUES ("tt0486551", 94);
INSERT INTO MovieProduction (movie_id, production_id) VALUES ("tt0486551", 79);
INSERT INTO MovieProduction (movie_id, production_id) VALUES ("tt0486551", 5);
INSERT INTO MovieProduction (movie_id, production_id) VALUES ("tt0486551", 23);
INSERT INTO MovieProduction (movie_id, production_id) VALUES ("tt0486551", 37);
INSERT INTO MovieProduction (movie_id, production_id) VALUES ("tt0331953", 23);
INSERT INTO MovieProduction (movie_id, production_id) VALUES ("tt0331953", 5);
INSERT INTO MovieProduction (movie_id, production_id) VALUES ("tt0331953", 34);
INSERT INTO MovieProduction (movie_id, production_id) VALUES ("tt0331953", 28);
INSERT INTO MovieProduction (movie_id, production_id) VALUES ("tt0456554", 41);
INSERT INTO MovieProduction (movie_id, production_id) VALUES ("tt0456554", 32);
INSERT INTO MovieProduction (movie_id, production_id) VALUES ("tt0456554", 45);
INSERT INTO MovieProduction (movie_id, production_id) VALUES ("tt1135525", 23);
INSERT INTO MovieProduction (movie_id, production_id) VALUES ("tt1135525", 5);
INSERT INTO MovieProduction (movie_id, production_id) VALUES ("tt0245686", 20);
INSERT INTO MovieProduction (movie_id, production_id) VALUES ("tt0245686", 45);
INSERT INTO MovieProduction (movie_id, production_id) VALUES ("tt0245686", 66);
INSERT INTO MovieProduction (movie_id, production_id) VALUES ("tt0114694", 76);
INSERT INTO MovieProduction (movie_id, production_id) VALUES ("tt0114694", 73);
INSERT INTO MovieProduction (movie_id, production_id) VALUES ("tt0115697", 76);
INSERT INTO MovieProduction (movie_id, production_id) VALUES ("tt0115697", 73);
INSERT INTO MovieProduction (movie_id, production_id) VALUES ("tt0144557", 23);
INSERT INTO MovieProduction (movie_id, production_id) VALUES ("tt0144557", 5);
INSERT INTO MovieProduction (movie_id, production_id) VALUES ("tt0348333", 26);
INSERT INTO MovieProduction (movie_id, production_id) VALUES ("tt0348333", 0);
INSERT INTO MovieProduction (movie_id, production_id) VALUES ("tt0348333", 81);
INSERT INTO MovieProduction (movie_id, production_id) VALUES ("tt0348333", 61);
INSERT INTO MovieProduction (movie_id, production_id) VALUES ("tt0366551", 96);
INSERT INTO MovieProduction (movie_id, production_id) VALUES ("tt0366551", 87);
INSERT INTO MovieProduction (movie_id, production_id) VALUES ("tt0366551", 11);
INSERT INTO MovieProduction (movie_id, production_id) VALUES ("tt0366551", 63);
INSERT INTO MovieProduction (movie_id, production_id) VALUES ("tt0366551", 74);
INSERT INTO MovieProduction (movie_id, production_id) VALUES ("tt0069239", 12);
INSERT INTO MovieProduction (movie_id, production_id) VALUES ("tt0077914", 72);
INSERT INTO MovieProduction (movie_id, production_id) VALUES ("tt0077914", 53);
INSERT INTO MovieProduction (movie_id, production_id) VALUES ("tt0455407", 8);
INSERT INTO MovieProduction (movie_id, production_id) VALUES ("tt0455407", 7);
INSERT INTO MovieProduction (movie_id, production_id) VALUES ("tt0455407", 29);
INSERT INTO MovieProduction (movie_id, production_id) VALUES ("tt0455407", 68);
INSERT INTO MovieProduction (movie_id, production_id) VALUES ("tt0166843", 12);
INSERT INTO MovieProduction (movie_id, production_id) VALUES ("tt0166843", 56);
INSERT INTO MovieProduction (movie_id, production_id) VALUES ("tt0095652", 16);
INSERT INTO MovieProduction (movie_id, production_id) VALUES ("tt1134854", 58);
INSERT INTO MovieProduction (movie_id, production_id) VALUES ("tt1134854", 71);
INSERT INTO MovieProduction (movie_id, production_id) VALUES ("tt1134854", 15);
INSERT INTO MovieProduction (movie_id, production_id) VALUES ("tt1134854", 49);
INSERT INTO MovieProduction (movie_id, production_id) VALUES ("tt0088993", 55);
INSERT INTO MovieProduction (movie_id, production_id) VALUES ("tt0088993", 51);
INSERT INTO MovieProduction (movie_id, production_id) VALUES ("tt0082622", 55);
INSERT INTO MovieProduction (movie_id, production_id) VALUES ("tt0082622", 17);
INSERT INTO MovieProduction (movie_id, production_id) VALUES ("tt0077402", 65);
INSERT INTO MovieProduction (movie_id, production_id) VALUES ("tt0077402", 25);
INSERT INTO MovieProduction (movie_id, production_id) VALUES ("tt0848557", 84);
INSERT INTO MovieProduction (movie_id, production_id) VALUES ("tt0848557", 54);
INSERT INTO MovieProduction (movie_id, production_id) VALUES ("tt0067341", 73);
INSERT INTO MovieProduction (movie_id, production_id) VALUES ("tt0067341", 31);
INSERT INTO MovieProduction (movie_id, production_id) VALUES ("tt0418819", 13);
INSERT INTO MovieProduction (movie_id, production_id) VALUES ("tt0418819", 88);
INSERT INTO MovieProduction (movie_id, production_id) VALUES ("tt0418819", 54);
INSERT INTO MovieProduction (movie_id, production_id) VALUES ("tt0418819", 97);
INSERT INTO MovieProduction (movie_id, production_id) VALUES ("tt0418819", 57);
INSERT INTO MovieProduction (movie_id, production_id) VALUES ("tt0418819", 93);
INSERT INTO MovieProduction (movie_id, production_id) VALUES ("tt0418819", 46);
INSERT INTO MovieProduction (movie_id, production_id) VALUES ("tt0119177", 20);
INSERT INTO MovieProduction (movie_id, production_id) VALUES ("tt0119177", 35);
INSERT INTO MovieProduction (movie_id, production_id) VALUES ("tt0253556", 38);
INSERT INTO MovieProduction (movie_id, production_id) VALUES ("tt0253556", 22);
INSERT INTO MovieProduction (movie_id, production_id) VALUES ("tt0253556", 62);
INSERT INTO MovieProduction (movie_id, production_id) VALUES ("tt0253556", 82);
INSERT INTO MovieProduction (movie_id, production_id) VALUES ("tt0253556", 69);
INSERT INTO MovieProduction (movie_id, production_id) VALUES ("tt0119116", 20);
INSERT INTO MovieProduction (movie_id, production_id) VALUES ("tt0119116", 21);
INSERT INTO MovieProduction (movie_id, production_id) VALUES ("tt0119116", 85);
INSERT INTO MovieProduction (movie_id, production_id) VALUES ("tt0448134", 10);
INSERT INTO MovieProduction (movie_id, production_id) VALUES ("tt0448134", 14);
INSERT INTO MovieProduction (movie_id, production_id) VALUES ("tt0448134", 4);
INSERT INTO MovieProduction (movie_id, production_id) VALUES ("tt0448134", 3);
INSERT INTO MovieProduction (movie_id, production_id) VALUES ("tt0361862", 47);
INSERT INTO MovieProduction (movie_id, production_id) VALUES ("tt0361862", 50);
INSERT INTO MovieProduction (movie_id, production_id) VALUES ("tt0361862", 75);
INSERT INTO MovieProduction (movie_id, production_id) VALUES ("tt0361862", 78);
INSERT INTO MovieProduction (movie_id, production_id) VALUES ("tt0361862", 91);
INSERT INTO MovieProduction (movie_id, production_id) VALUES ("tt0361862", 24);
INSERT INTO MovieProduction (movie_id, production_id) VALUES ("tt0118929", 33);
INSERT INTO MovieProduction (movie_id, production_id) VALUES ("tt0118929", 63);
INSERT INTO MovieProduction (movie_id, production_id) VALUES ("tt1182345", 27);
INSERT INTO MovieProduction (movie_id, production_id) VALUES ("tt1182345", 77);
INSERT INTO MovieProduction (movie_id, production_id) VALUES ("tt1182345", 9);
INSERT INTO MovieProduction (movie_id, production_id) VALUES ("tt1182345", 89);
INSERT INTO MovieProduction (movie_id, production_id) VALUES ("tt1182345", 60);
INSERT INTO MovieProduction (movie_id, production_id) VALUES ("tt1182345", 90);
INSERT INTO MovieProduction (movie_id, production_id) VALUES ("tt1182345", 39);
INSERT INTO MovieProduction (movie_id, production_id) VALUES ("tt0118884", 95);
INSERT INTO MovieProduction (movie_id, production_id) VALUES ("tt0118884", 80);
INSERT INTO MovieProduction (movie_id, production_id) VALUES ("tt0462504", 40);
INSERT INTO MovieProduction (movie_id, production_id) VALUES ("tt0462504", 59);
INSERT INTO MovieProduction (movie_id, production_id) VALUES ("tt0462504", 70);
INSERT INTO MovieProduction (movie_id, production_id) VALUES ("tt0462504", 1);
INSERT INTO MovieProduction (movie_id, production_id) VALUES ("tt0462504", 36);
INSERT INTO MovieProduction (movie_id, production_id) VALUES ("tt0462504", 44);
INSERT INTO MovieProduction (movie_id, production_id) VALUES ("tt0381849", 86);
INSERT INTO MovieProduction (movie_id, production_id) VALUES ("tt0381849", 64);
INSERT INTO MovieProduction (movie_id, production_id) VALUES ("tt0381849", 42);
INSERT INTO MovieProduction (movie_id, production_id) VALUES ("tt0381849", 20);
INSERT INTO MovieProduction (movie_id, production_id) VALUES ("tt0381849", 30);
INSERT INTO MovieProduction (movie_id, production_id) VALUES ("tt0433387", 48);
INSERT INTO MovieProduction (movie_id, production_id) VALUES ("tt0433387", 52);
INSERT INTO MovieProduction (movie_id, production_id) VALUES ("tt0433387", 19);
INSERT INTO MovieProduction (movie_id, production_id) VALUES ("tt0433387", 67);
INSERT INTO MovieProduction (movie_id, production_id) VALUES ("tt0114746", 13);
INSERT INTO MovieProduction (movie_id, production_id) VALUES ("tt0114746", 92);
INSERT INTO MovieProduction (movie_id, production_id) VALUES ("tt0114746", 6);
INSERT INTO MovieProduction (movie_id, production_id) VALUES ("tt0114746", 18);

INSERT INTO Award (award_id, movie_id, person_id, award_text) VALUES (0, "tt0859635", Null, "Golden Trailer Nominee: Best Radio/Audio Spot");
INSERT INTO Award (award_id, movie_id, person_id, award_text) VALUES (1, "tt0859635", Null, "Golden Trailer Winner: Best Teaser Poster");
INSERT INTO Award (award_id, movie_id, person_id, award_text) VALUES (2, "tt0859635", Null, "Golden Trailer Winner: Best Trailerbyte for a Feature Film");
INSERT INTO Award (award_id, movie_id, person_id, award_text) VALUES (3, "tt0486551", Null, "Stinker Award Nominee: Most Painfully Unfunny Comedy");
INSERT INTO Award (award_id, movie_id, person_id, award_text) VALUES (4, "tt0486551", Null, "Stinker Award Nominee: Most Annoying Fake Accent: Female");
INSERT INTO Award (award_id, movie_id, person_id, award_text) VALUES (5, "tt0456554", Null, "Razzie Award Nominee: Worst Actor of the Decade");
INSERT INTO Award (award_id, movie_id, person_id, award_text) VALUES (6, "tt0456554", Null, "Razzie Award Nominee: and ");
INSERT INTO Award (award_id, movie_id, person_id, award_text) VALUES (7, "tt0456554", Null, "Razzie Award Nominee:   Little Nicky");
INSERT INTO Award (award_id, movie_id, person_id, award_text) VALUES (8, "tt0245686", 18, "Stinker Award Winner: Worst On-Screen Hairstyle");
INSERT INTO Award (award_id, movie_id, person_id, award_text) VALUES (9, "tt0114694", 73, "MTV Movie Award Winner: Best On-Screen Duo");
INSERT INTO Award (award_id, movie_id, person_id, award_text) VALUES (10, "tt0114694", 18, "MTV Movie Award Winner: Best On-Screen Duo");
INSERT INTO Award (award_id, movie_id, person_id, award_text) VALUES (11, "tt0144557", 27, "Golden Starfish Award Winner: Best American Independent Film");
INSERT INTO Award (award_id, movie_id, person_id, award_text) VALUES (12, "tt0144557", 27, "Golden Starfish Award Winner: Best American Independent Film");
INSERT INTO Award (award_id, movie_id, person_id, award_text) VALUES (13, "tt0366551", 29, "MTV Movie Award Nominee: Best On-Screen Team");
INSERT INTO Award (award_id, movie_id, person_id, award_text) VALUES (14, "tt0366551", 76, "MTV Movie Award Nominee: Best On-Screen Team");
INSERT INTO Award (award_id, movie_id, person_id, award_text) VALUES (15, "tt0077914", Null, "Special Award Winner: Best Rediscoveries");
INSERT INTO Award (award_id, movie_id, person_id, award_text) VALUES (16, "tt0455407", 9, "Fright Meter Award Nominee: Best Director");
INSERT INTO Award (award_id, movie_id, person_id, award_text) VALUES (17, "tt0455407", 119, "Scream Award Nominee: Best Horror Actor");
INSERT INTO Award (award_id, movie_id, person_id, award_text) VALUES (18, "tt0095652", Null, "International Fantasy Film Award Winner George A. Romero Critics' Award Winner: Best Film");
INSERT INTO Award (award_id, movie_id, person_id, award_text) VALUES (19, "tt1134854", Null, "Canadian Cinema Editors Award Nominee: Best Editing in Feature Length");
INSERT INTO Award (award_id, movie_id, person_id, award_text) VALUES (20, "tt0088993", 55, "Caixa de Catalunya Winner: Best Actress");
INSERT INTO Award (award_id, movie_id, person_id, award_text) VALUES (21, "tt0077402", Null, "Saturn Award Winner: Best DVD Classic Film Release");
INSERT INTO Award (award_id, movie_id, person_id, award_text) VALUES (22, "tt0077402", Null, "Saturn Award Nominee: Best Make-Up");
INSERT INTO Award (award_id, movie_id, person_id, award_text) VALUES (23, "tt0077402", Null, "Golden Satellite Award Nominee: Best Overall DVD");
INSERT INTO Award (award_id, movie_id, person_id, award_text) VALUES (24, "tt0848557", Null, "Rondo Statuette Nominee: Best Film");
INSERT INTO Award (award_id, movie_id, person_id, award_text) VALUES (25, "tt0418819", 118, "Chainsaw Award Winner: Best Actor");
INSERT INTO Award (award_id, movie_id, person_id, award_text) VALUES (26, "tt0418819", 3, "Scream Award Nominee: Scream Queen");
INSERT INTO Award (award_id, movie_id, person_id, award_text) VALUES (27, "tt0119177", 53, "Hugo Nominee: Best Dramatic Presentation");
INSERT INTO Award (award_id, movie_id, person_id, award_text) VALUES (28, "tt0119177", 53, "Hugo Nominee: Best Dramatic Presentation");
INSERT INTO Award (award_id, movie_id, person_id, award_text) VALUES (29, "tt0119177", 74, "OFTA Film Award Nominee: Best Sci-Fi/Fantasy/Horror Actor");
INSERT INTO Award (award_id, movie_id, person_id, award_text) VALUES (30, "tt0253556", 7, "Rondo Statuette Nominee: Best Genre Film");
INSERT INTO Award (award_id, movie_id, person_id, award_text) VALUES (31, "tt0119116", 103, "Stinker Award Nominee: Worst Sense of Direction (Stop them before they direct again!)");
INSERT INTO Award (award_id, movie_id, person_id, award_text) VALUES (32, "tt0119116", 103, "Stinker Award Nominee: Worst Sense of Direction (Stop them before they direct again!)");
INSERT INTO Award (award_id, movie_id, person_id, award_text) VALUES (33, "tt0119116", 21, "OFTA Film Award Winner: Best Sci-Fi/Fantasy/Horror Actor");
INSERT INTO Award (award_id, movie_id, person_id, award_text) VALUES (34, "tt0448134", 11, "ALFS Award Nominee: British Director of the Year");
INSERT INTO Award (award_id, movie_id, person_id, award_text) VALUES (35, "tt0448134", 34, "Scream Award Nominee: Sci-Fi Star");
INSERT INTO Award (award_id, movie_id, person_id, award_text) VALUES (36, "tt0361862", 80, "Narcisse Award Winner: Best Fantastic Feature Film");
INSERT INTO Award (award_id, movie_id, person_id, award_text) VALUES (37, "tt0361862", 115, "Chainsaw Award Nominee: Best Screenplay");
INSERT INTO Award (award_id, movie_id, person_id, award_text) VALUES (38, "tt0361862", 70, "ALFS Award Nominee: British Actor of the Year");
INSERT INTO Award (award_id, movie_id, person_id, award_text) VALUES (39, "tt0118929", 33, "Saturn Award Winner: Best Director");
INSERT INTO Award (award_id, movie_id, person_id, award_text) VALUES (40, "tt0118929", 33, "Saturn Award Winner: Best Director");
INSERT INTO Award (award_id, movie_id, person_id, award_text) VALUES (41, "tt0118929", 88, "OFTA Film Award Winner: Best Sci-Fi/Fantasy/Horror Actor");
INSERT INTO Award (award_id, movie_id, person_id, award_text) VALUES (42, "tt1182345", 101, "BAFTA Film Award Winner: Outstanding Debut by a British Writer, Director or Producer");
INSERT INTO Award (award_id, movie_id, person_id, award_text) VALUES (43, "tt1182345", 101, "BAFTA Film Award Winner: Outstanding Debut by a British Writer, Director or Producer");
INSERT INTO Award (award_id, movie_id, person_id, award_text) VALUES (44, "tt1182345", 4, "Golden Space Needle Award Winner: Best Actor");
INSERT INTO Award (award_id, movie_id, person_id, award_text) VALUES (45, "tt0118884", 41, "Saturn Award Winner: Best Director");
INSERT INTO Award (award_id, movie_id, person_id, award_text) VALUES (46, "tt0118884", 112, "Audience Award Winner: Best Actress");
INSERT INTO Award (award_id, movie_id, person_id, award_text) VALUES (47, "tt0118884", 36, "Blockbuster Entertainment Award Nominee: Favorite Actor - Drama");
INSERT INTO Award (award_id, movie_id, person_id, award_text) VALUES (48, "tt0462504", 70, "Satellite Award Nominee: Best Actor in a Motion Picture, Drama");
INSERT INTO Award (award_id, movie_id, person_id, award_text) VALUES (49, "tt0462504", 19, "Independent Spirit Award Nominee: Best Supporting Male");
INSERT INTO Award (award_id, movie_id, person_id, award_text) VALUES (50, "tt0381849", 56, "Actor Nominee: Outstanding Performance by a Cast in a Motion Picture");
INSERT INTO Award (award_id, movie_id, person_id, award_text) VALUES (51, "tt0381849", 70, "Actor Nominee: Outstanding Performance by a Cast in a Motion Picture");
INSERT INTO Award (award_id, movie_id, person_id, award_text) VALUES (52, "tt0433387", 70, "DFCC Nominee: Best Actor");
INSERT INTO Award (award_id, movie_id, person_id, award_text) VALUES (53, "tt0114746", 98, "Empire Award Winner: Best Director");
INSERT INTO Award (award_id, movie_id, person_id, award_text) VALUES (54, "tt0114746", 65, "Hugo Nominee: Best Dramatic Presentation");
INSERT INTO Award (award_id, movie_id, person_id, award_text) VALUES (55, "tt0114746", 21, "Saturn Award Winner: Best Actor");

INSERT INTO Role (movie_id, role_code, person_id) VALUES ("tt0859635", 0, 27);
INSERT INTO Role (movie_id, role_code, person_id) VALUES ("tt0859635", 1, 27);
INSERT INTO Role (movie_id, role_code, person_id) VALUES ("tt0859635", 2, 71);
INSERT INTO Role (movie_id, role_code, person_id) VALUES ("tt0859635", 2, 69);
INSERT INTO Role (movie_id, role_code, person_id) VALUES ("tt0486551", 0, 27);
INSERT INTO Role (movie_id, role_code, person_id) VALUES ("tt0486551", 1, 27);
INSERT INTO Role (movie_id, role_code, person_id) VALUES ("tt0486551", 2, 71);
INSERT INTO Role (movie_id, role_code, person_id) VALUES ("tt0486551", 2, 69);
INSERT INTO Role (movie_id, role_code, person_id) VALUES ("tt0331953", 0, 27);
INSERT INTO Role (movie_id, role_code, person_id) VALUES ("tt0331953", 1, 27);
INSERT INTO Role (movie_id, role_code, person_id) VALUES ("tt0331953", 2, 40);
INSERT INTO Role (movie_id, role_code, person_id) VALUES ("tt0331953", 2, 102);
INSERT INTO Role (movie_id, role_code, person_id) VALUES ("tt0456554", 0, 99);
INSERT INTO Role (movie_id, role_code, person_id) VALUES ("tt0456554", 1, 35);
INSERT INTO Role (movie_id, role_code, person_id) VALUES ("tt0456554", 2, 60);
INSERT INTO Role (movie_id, role_code, person_id) VALUES ("tt0456554", 2, 89);
INSERT INTO Role (movie_id, role_code, person_id) VALUES ("tt0456554", 2, 43);
INSERT INTO Role (movie_id, role_code, person_id) VALUES ("tt1135525", 0, 71);
INSERT INTO Role (movie_id, role_code, person_id) VALUES ("tt1135525", 1, 27);
INSERT INTO Role (movie_id, role_code, person_id) VALUES ("tt1135525", 2, 23);
INSERT INTO Role (movie_id, role_code, person_id) VALUES ("tt1135525", 2, 27);
INSERT INTO Role (movie_id, role_code, person_id) VALUES ("tt1135525", 2, 102);
INSERT INTO Role (movie_id, role_code, person_id) VALUES ("tt0245686", 0, 67);
INSERT INTO Role (movie_id, role_code, person_id) VALUES ("tt0245686", 1, 86);
INSERT INTO Role (movie_id, role_code, person_id) VALUES ("tt0245686", 2, 18);
INSERT INTO Role (movie_id, role_code, person_id) VALUES ("tt0245686", 2, 12);
INSERT INTO Role (movie_id, role_code, person_id) VALUES ("tt0245686", 2, 105);
INSERT INTO Role (movie_id, role_code, person_id) VALUES ("tt0114694", 0, 59);
INSERT INTO Role (movie_id, role_code, person_id) VALUES ("tt0114694", 1, 72);
INSERT INTO Role (movie_id, role_code, person_id) VALUES ("tt0114694", 2, 73);
INSERT INTO Role (movie_id, role_code, person_id) VALUES ("tt0114694", 2, 18);
INSERT INTO Role (movie_id, role_code, person_id) VALUES ("tt0114694", 2, 10);
INSERT INTO Role (movie_id, role_code, person_id) VALUES ("tt0115697", 0, 57);
INSERT INTO Role (movie_id, role_code, person_id) VALUES ("tt0115697", 1, 79);
INSERT INTO Role (movie_id, role_code, person_id) VALUES ("tt0115697", 2, 73);
INSERT INTO Role (movie_id, role_code, person_id) VALUES ("tt0115697", 2, 18);
INSERT INTO Role (movie_id, role_code, person_id) VALUES ("tt0115697", 2, 113);
INSERT INTO Role (movie_id, role_code, person_id) VALUES ("tt0144557", 0, 27);
INSERT INTO Role (movie_id, role_code, person_id) VALUES ("tt0144557", 1, 27);
INSERT INTO Role (movie_id, role_code, person_id) VALUES ("tt0144557", 2, 71);
INSERT INTO Role (movie_id, role_code, person_id) VALUES ("tt0144557", 2, 69);
INSERT INTO Role (movie_id, role_code, person_id) VALUES ("tt0348333", 0, 117);
INSERT INTO Role (movie_id, role_code, person_id) VALUES ("tt0348333", 1, 117);
INSERT INTO Role (movie_id, role_code, person_id) VALUES ("tt0348333", 2, 108);
INSERT INTO Role (movie_id, role_code, person_id) VALUES ("tt0348333", 2, 52);
INSERT INTO Role (movie_id, role_code, person_id) VALUES ("tt0348333", 2, 20);
INSERT INTO Role (movie_id, role_code, person_id) VALUES ("tt0366551", 0, 48);
INSERT INTO Role (movie_id, role_code, person_id) VALUES ("tt0366551", 1, 5);
INSERT INTO Role (movie_id, role_code, person_id) VALUES ("tt0366551", 2, 29);
INSERT INTO Role (movie_id, role_code, person_id) VALUES ("tt0366551", 2, 76);
INSERT INTO Role (movie_id, role_code, person_id) VALUES ("tt0366551", 2, 0);
INSERT INTO Role (movie_id, role_code, person_id) VALUES ("tt0069239", 0, 51);
INSERT INTO Role (movie_id, role_code, person_id) VALUES ("tt0069239", 1, 51);
INSERT INTO Role (movie_id, role_code, person_id) VALUES ("tt0069239", 2, 31);
INSERT INTO Role (movie_id, role_code, person_id) VALUES ("tt0069239", 2, 22);
INSERT INTO Role (movie_id, role_code, person_id) VALUES ("tt0069239", 2, 30);
INSERT INTO Role (movie_id, role_code, person_id) VALUES ("tt0077914", 0, 51);
INSERT INTO Role (movie_id, role_code, person_id) VALUES ("tt0077914", 1, 51);
INSERT INTO Role (movie_id, role_code, person_id) VALUES ("tt0077914", 2, 100);
INSERT INTO Role (movie_id, role_code, person_id) VALUES ("tt0077914", 2, 50);
INSERT INTO Role (movie_id, role_code, person_id) VALUES ("tt0077914", 2, 37);
INSERT INTO Role (movie_id, role_code, person_id) VALUES ("tt0455407", 0, 9);
INSERT INTO Role (movie_id, role_code, person_id) VALUES ("tt0455407", 1, 115);
INSERT INTO Role (movie_id, role_code, person_id) VALUES ("tt0455407", 2, 84);
INSERT INTO Role (movie_id, role_code, person_id) VALUES ("tt0455407", 2, 119);
INSERT INTO Role (movie_id, role_code, person_id) VALUES ("tt0455407", 2, 8);
INSERT INTO Role (movie_id, role_code, person_id) VALUES ("tt0166843", 0, 51);
INSERT INTO Role (movie_id, role_code, person_id) VALUES ("tt0166843", 1, 49);
INSERT INTO Role (movie_id, role_code, person_id) VALUES ("tt0166843", 2, 22);
INSERT INTO Role (movie_id, role_code, person_id) VALUES ("tt0166843", 2, 83);
INSERT INTO Role (movie_id, role_code, person_id) VALUES ("tt0166843", 2, 61);
INSERT INTO Role (movie_id, role_code, person_id) VALUES ("tt0095652", 0, 51);
INSERT INTO Role (movie_id, role_code, person_id) VALUES ("tt0095652", 1, 54);
INSERT INTO Role (movie_id, role_code, person_id) VALUES ("tt0095652", 2, 13);

INSERT INTO Role (movie_id, role_code, person_id) VALUES ("tt0095652", 2, 62);
INSERT INTO Role (movie_id, role_code, person_id) VALUES ("tt0095652", 2, 87);
INSERT INTO Role (movie_id, role_code, person_id) VALUES ("tt1134854", 0, 51);
INSERT INTO Role (movie_id, role_code, person_id) VALUES ("tt1134854", 1, 51);
INSERT INTO Role (movie_id, role_code, person_id) VALUES ("tt1134854", 2, 24);
INSERT INTO Role (movie_id, role_code, person_id) VALUES ("tt1134854", 2, 96);
INSERT INTO Role (movie_id, role_code, person_id) VALUES ("tt1134854", 2, 93);
INSERT INTO Role (movie_id, role_code, person_id) VALUES ("tt0088993", 0, 51);
INSERT INTO Role (movie_id, role_code, person_id) VALUES ("tt0088993", 1, 51);
INSERT INTO Role (movie_id, role_code, person_id) VALUES ("tt0088993", 2, 55);
INSERT INTO Role (movie_id, role_code, person_id) VALUES ("tt0088993", 2, 110);
INSERT INTO Role (movie_id, role_code, person_id) VALUES ("tt0088993", 2, 39);
INSERT INTO Role (movie_id, role_code, person_id) VALUES ("tt0082622", 0, 51);
INSERT INTO Role (movie_id, role_code, person_id) VALUES ("tt0082622", 1, 51);
INSERT INTO Role (movie_id, role_code, person_id) VALUES ("tt0082622", 2, 58);
INSERT INTO Role (movie_id, role_code, person_id) VALUES ("tt0082622", 2, 81);
INSERT INTO Role (movie_id, role_code, person_id) VALUES ("tt0082622", 2, 85);
INSERT INTO Role (movie_id, role_code, person_id) VALUES ("tt0077402", 0, 51);
INSERT INTO Role (movie_id, role_code, person_id) VALUES ("tt0077402", 1, 51);
INSERT INTO Role (movie_id, role_code, person_id) VALUES ("tt0077402", 2, 14);
INSERT INTO Role (movie_id, role_code, person_id) VALUES ("tt0077402", 2, 77);
INSERT INTO Role (movie_id, role_code, person_id) VALUES ("tt0077402", 2, 45);
INSERT INTO Role (movie_id, role_code, person_id) VALUES ("tt0848557", 0, 51);
INSERT INTO Role (movie_id, role_code, person_id) VALUES ("tt0848557", 1, 51);
INSERT INTO Role (movie_id, role_code, person_id) VALUES ("tt0848557", 2, 106);
INSERT INTO Role (movie_id, role_code, person_id) VALUES ("tt0848557", 2, 25);
INSERT INTO Role (movie_id, role_code, person_id) VALUES ("tt0848557", 2, 1);
INSERT INTO Role (movie_id, role_code, person_id) VALUES ("tt0067341", 0, 95);
INSERT INTO Role (movie_id, role_code, person_id) VALUES ("tt0067341", 1, 95);
INSERT INTO Role (movie_id, role_code, person_id) VALUES ("tt0067341", 2, 82);
INSERT INTO Role (movie_id, role_code, person_id) VALUES ("tt0067341", 2, 109);
INSERT INTO Role (movie_id, role_code, person_id) VALUES ("tt0067341", 2, 91);
INSERT INTO Role (movie_id, role_code, person_id) VALUES ("tt0418819", 0, 51);
INSERT INTO Role (movie_id, role_code, person_id) VALUES ("tt0418819", 1, 51);
INSERT INTO Role (movie_id, role_code, person_id) VALUES ("tt0418819", 2, 118);
INSERT INTO Role (movie_id, role_code, person_id) VALUES ("tt0418819", 2, 3);
INSERT INTO Role (movie_id, role_code, person_id) VALUES ("tt0418819", 2, 17);
INSERT INTO Role (movie_id, role_code, person_id) VALUES ("tt0119177", 0, 53);
INSERT INTO Role (movie_id, role_code, person_id) VALUES ("tt0119177", 1, 53);
INSERT INTO Role (movie_id, role_code, person_id) VALUES ("tt0119177", 2, 74);
INSERT INTO Role (movie_id, role_code, person_id) VALUES ("tt0119177", 2, 16);
INSERT INTO Role (movie_id, role_code, person_id) VALUES ("tt0119177", 2, 28);
INSERT INTO Role (movie_id, role_code, person_id) VALUES ("tt0253556", 0, 7);
INSERT INTO Role (movie_id, role_code, person_id) VALUES ("tt0253556", 1, 92);
INSERT INTO Role (movie_id, role_code, person_id) VALUES ("tt0253556", 2, 36);
INSERT INTO Role (movie_id, role_code, person_id) VALUES ("tt0253556", 2, 70);
INSERT INTO Role (movie_id, role_code, person_id) VALUES ("tt0253556", 2, 42);
INSERT INTO Role (movie_id, role_code, person_id) VALUES ("tt0119116", 0, 103);
INSERT INTO Role (movie_id, role_code, person_id) VALUES ("tt0119116", 1, 103);
INSERT INTO Role (movie_id, role_code, person_id) VALUES ("tt0119116", 2, 21);
INSERT INTO Role (movie_id, role_code, person_id) VALUES ("tt0119116", 2, 44);
INSERT INTO Role (movie_id, role_code, person_id) VALUES ("tt0119116", 2, 90);
INSERT INTO Role (movie_id, role_code, person_id) VALUES ("tt0448134", 0, 11);
INSERT INTO Role (movie_id, role_code, person_id) VALUES ("tt0448134", 1, 97);
INSERT INTO Role (movie_id, role_code, person_id) VALUES ("tt0448134", 2, 34);
INSERT INTO Role (movie_id, role_code, person_id) VALUES ("tt0448134", 2, 68);
INSERT INTO Role (movie_id, role_code, person_id) VALUES ("tt0448134", 2, 94);
INSERT INTO Role (movie_id, role_code, person_id) VALUES ("tt0361862", 0, 80);
INSERT INTO Role (movie_id, role_code, person_id) VALUES ("tt0361862", 1, 115);
INSERT INTO Role (movie_id, role_code, person_id) VALUES ("tt0361862", 2, 70);
INSERT INTO Role (movie_id, role_code, person_id) VALUES ("tt0361862", 2, 63);
INSERT INTO Role (movie_id, role_code, person_id) VALUES ("tt0361862", 2, 78);
INSERT INTO Role (movie_id, role_code, person_id) VALUES ("tt0118929", 0, 33);
INSERT INTO Role (movie_id, role_code, person_id) VALUES ("tt0118929", 1, 33);
INSERT INTO Role (movie_id, role_code, person_id) VALUES ("tt0118929", 2, 88);
INSERT INTO Role (movie_id, role_code, person_id) VALUES ("tt0118929", 2, 26);
INSERT INTO Role (movie_id, role_code, person_id) VALUES ("tt0118929", 2, 64);
INSERT INTO Role (movie_id, role_code, person_id) VALUES ("tt1182345", 0, 101);
INSERT INTO Role (movie_id, role_code, person_id) VALUES ("tt1182345", 1, 101);
INSERT INTO Role (movie_id, role_code, person_id) VALUES ("tt1182345", 2, 4);
INSERT INTO Role (movie_id, role_code, person_id) VALUES ("tt1182345", 2, 107);
INSERT INTO Role (movie_id, role_code, person_id) VALUES ("tt1182345", 2, 15);
INSERT INTO Role (movie_id, role_code, person_id) VALUES ("tt0118884", 0, 41);
INSERT INTO Role (movie_id, role_code, person_id) VALUES ("tt0118884", 1, 75);
INSERT INTO Role (movie_id, role_code, person_id) VALUES ("tt0118884", 2, 112);
INSERT INTO Role (movie_id, role_code, person_id) VALUES ("tt0118884", 2, 36);
INSERT INTO Role (movie_id, role_code, person_id) VALUES ("tt0118884", 2, 114);
INSERT INTO Role (movie_id, role_code, person_id) VALUES ("tt0462504", 0, 46);
INSERT INTO Role (movie_id, role_code, person_id) VALUES ("tt0462504", 1, 46);
INSERT INTO Role (movie_id, role_code, person_id) VALUES ("tt0462504", 2, 70);
INSERT INTO Role (movie_id, role_code, person_id) VALUES ("tt0462504", 2, 19);
INSERT INTO Role (movie_id, role_code, person_id) VALUES ("tt0462504", 2, 38);
INSERT INTO Role (movie_id, role_code, person_id) VALUES ("tt0381849", 0, 111);
INSERT INTO Role (movie_id, role_code, person_id) VALUES ("tt0381849", 1, 47);
INSERT INTO Role (movie_id, role_code, person_id) VALUES ("tt0381849", 2, 56);
INSERT INTO Role (movie_id, role_code, person_id) VALUES ("tt0381849", 2, 70);
INSERT INTO Role (movie_id, role_code, person_id) VALUES ("tt0381849", 2, 2);
INSERT INTO Role (movie_id, role_code, person_id) VALUES ("tt0433387", 0, 104);
INSERT INTO Role (movie_id, role_code, person_id) VALUES ("tt0433387", 1, 104);
INSERT INTO Role (movie_id, role_code, person_id) VALUES ("tt0433387", 2, 70);
INSERT INTO Role (movie_id, role_code, person_id) VALUES ("tt0433387", 2, 116);
INSERT INTO Role (movie_id, role_code, person_id) VALUES ("tt0433387", 2, 32);
INSERT INTO Role (movie_id, role_code, person_id) VALUES ("tt0114746", 0, 98);
INSERT INTO Role (movie_id, role_code, person_id) VALUES ("tt0114746", 1, 65);
INSERT INTO Role (movie_id, role_code, person_id) VALUES ("tt0114746", 2, 21);
INSERT INTO Role (movie_id, role_code, person_id) VALUES ("tt0114746", 2, 66);
INSERT INTO Role (movie_id, role_code, person_id) VALUES ("tt0114746", 2, 6);